-- phpMyAdmin SQL Dump
-- version 5.2.0
-- https://www.phpmyadmin.net/
--
-- Servidor: 127.0.0.1
-- Tiempo de generación: 30-11-2022 a las 20:19:59
-- Versión del servidor: 10.4.24-MariaDB
-- Versión de PHP: 8.1.6

SET SQL_MODE = "NO_AUTO_VALUE_ON_ZERO";
START TRANSACTION;
SET time_zone = "+00:00";


/*!40101 SET @OLD_CHARACTER_SET_CLIENT=@@CHARACTER_SET_CLIENT */;
/*!40101 SET @OLD_CHARACTER_SET_RESULTS=@@CHARACTER_SET_RESULTS */;
/*!40101 SET @OLD_COLLATION_CONNECTION=@@COLLATION_CONNECTION */;
/*!40101 SET NAMES utf8mb4 */;

--
-- Base de datos: `bdstandardiron`
--

-- --------------------------------------------------------

--
-- Estructura de tabla para la tabla `almacen`
--

CREATE TABLE `almacen` (
  `IdAlmacen` int(11) NOT NULL,
  `CodAlmacen` varchar(45) NOT NULL,
  `CodUbicacion` varchar(45) NOT NULL,
  `NombreAlmacen` varchar(45) NOT NULL
) ENGINE=InnoDB DEFAULT CHARSET=utf8mb4;

--
-- Volcado de datos para la tabla `almacen`
--

INSERT INTO `almacen` (`IdAlmacen`, `CodAlmacen`, `CodUbicacion`, `NombreAlmacen`) VALUES
(1, 'E', 'ALMACEN 1', 'INSUMOS');

-- --------------------------------------------------------

--
-- Estructura de tabla para la tabla `productoalmacen`
--

CREATE TABLE `productoalmacen` (
  `IdProductoAlmacen` int(11) NOT NULL,
  `IdProducto` int(11) NOT NULL,
  `IdAlmacen` int(11) NOT NULL
) ENGINE=InnoDB DEFAULT CHARSET=utf8mb4;

--
-- Volcado de datos para la tabla `productoalmacen`
--

INSERT INTO `productoalmacen` (`IdProductoAlmacen`, `IdProducto`, `IdAlmacen`) VALUES
(1, 1, 1),
(2, 2, 1),
(3, 3, 1),
(4, 4, 1),
(5, 5, 1),
(6, 6, 1),
(7, 7, 1),
(8, 8, 1),
(9, 9, 1),
(10, 10, 1),
(11, 11, 1),
(12, 12, 1),
(13, 13, 1),
(14, 14, 1),
(15, 15, 1),
(16, 16, 1),
(17, 17, 1),
(18, 18, 1),
(19, 19, 1),
(20, 20, 1),
(21, 21, 1),
(22, 22, 1),
(23, 23, 1),
(24, 24, 1),
(25, 25, 1),
(26, 26, 1),
(27, 27, 1),
(28, 28, 1),
(29, 29, 1),
(30, 30, 1),
(31, 31, 1),
(32, 32, 1),
(33, 33, 1),
(34, 34, 1),
(35, 35, 1),
(36, 36, 1),
(37, 37, 1),
(38, 38, 1),
(39, 39, 1),
(40, 40, 1),
(41, 41, 1),
(42, 42, 1),
(43, 43, 1),
(44, 44, 1),
(45, 45, 1),
(46, 46, 1),
(47, 47, 1),
(48, 48, 1),
(49, 49, 1),
(50, 50, 1),
(51, 51, 1),
(52, 52, 1),
(53, 53, 1),
(54, 54, 1),
(55, 55, 1),
(56, 56, 1),
(57, 57, 1),
(58, 58, 1),
(59, 59, 1),
(60, 60, 1),
(61, 61, 1),
(62, 62, 1),
(63, 63, 1),
(64, 64, 1),
(65, 65, 1),
(66, 66, 1),
(67, 67, 1),
(68, 68, 1),
(69, 69, 1),
(70, 70, 1),
(71, 71, 1),
(72, 72, 1),
(73, 73, 1),
(74, 74, 1),
(75, 75, 1),
(76, 76, 1),
(77, 77, 1),
(78, 78, 1),
(79, 79, 1),
(80, 80, 1),
(81, 81, 1),
(82, 82, 1),
(83, 83, 1),
(84, 84, 1),
(85, 85, 1),
(86, 86, 1),
(87, 87, 1),
(88, 88, 1),
(89, 89, 1),
(90, 90, 1),
(91, 91, 1),
(92, 92, 1),
(93, 93, 1),
(94, 94, 1),
(95, 95, 1),
(96, 96, 1),
(97, 97, 1),
(98, 98, 1),
(99, 99, 1),
(100, 100, 1),
(101, 101, 1),
(102, 102, 1),
(103, 103, 1),
(104, 104, 1),
(105, 105, 1),
(106, 106, 1),
(107, 107, 1),
(108, 108, 1),
(109, 109, 1),
(110, 110, 1),
(111, 111, 1),
(112, 112, 1),
(113, 113, 1),
(114, 114, 1),
(115, 115, 1),
(116, 116, 1),
(117, 117, 1),
(118, 118, 1),
(119, 119, 1),
(120, 120, 1),
(121, 121, 1),
(122, 122, 1),
(123, 123, 1),
(124, 124, 1),
(125, 125, 1),
(126, 126, 1),
(127, 127, 1),
(128, 128, 1),
(129, 129, 1),
(130, 130, 1),
(131, 131, 1),
(132, 132, 1),
(133, 133, 1),
(134, 134, 1),
(135, 135, 1),
(136, 136, 1),
(137, 137, 1),
(138, 138, 1),
(139, 139, 1),
(140, 140, 1),
(141, 141, 1),
(142, 142, 1),
(143, 143, 1),
(144, 144, 1),
(145, 145, 1),
(146, 146, 1),
(147, 147, 1),
(148, 148, 1),
(149, 149, 1),
(150, 150, 1),
(151, 151, 1),
(152, 152, 1),
(153, 153, 1),
(154, 154, 1),
(155, 155, 1),
(156, 156, 1),
(157, 157, 1),
(158, 158, 1),
(159, 159, 1),
(160, 160, 1),
(161, 161, 1),
(162, 162, 1),
(163, 163, 1),
(164, 164, 1),
(165, 165, 1),
(166, 166, 1),
(167, 167, 1),
(168, 168, 1),
(169, 169, 1),
(170, 170, 1),
(171, 171, 1),
(172, 172, 1),
(173, 173, 1),
(174, 174, 1),
(175, 175, 1),
(176, 176, 1),
(177, 177, 1),
(178, 178, 1),
(179, 179, 1),
(180, 180, 1),
(181, 181, 1),
(182, 182, 1),
(183, 183, 1),
(184, 184, 1),
(185, 185, 1),
(186, 186, 1),
(187, 187, 1),
(188, 188, 1),
(189, 189, 1),
(190, 190, 1),
(191, 191, 1),
(192, 192, 1),
(193, 193, 1),
(194, 194, 1),
(195, 195, 1),
(196, 196, 1),
(197, 197, 1),
(198, 198, 1),
(199, 199, 1),
(200, 200, 1),
(201, 201, 1),
(202, 202, 1),
(203, 203, 1),
(204, 204, 1),
(205, 205, 1),
(206, 206, 1),
(207, 207, 1),
(208, 208, 1),
(209, 209, 1),
(210, 210, 1),
(211, 211, 1),
(212, 212, 1),
(213, 213, 1),
(214, 214, 1),
(215, 215, 1),
(216, 216, 1),
(217, 217, 1),
(218, 218, 1),
(219, 219, 1),
(220, 220, 1),
(221, 221, 1),
(222, 222, 1),
(223, 223, 1),
(224, 224, 1),
(225, 225, 1),
(226, 226, 1),
(227, 227, 1),
(228, 228, 1),
(229, 229, 1),
(230, 230, 1),
(231, 231, 1),
(232, 232, 1),
(233, 233, 1),
(234, 234, 1),
(235, 235, 1),
(236, 236, 1),
(237, 237, 1),
(238, 238, 1),
(239, 239, 1),
(240, 240, 1),
(241, 241, 1),
(242, 242, 1),
(243, 243, 1),
(244, 244, 1),
(245, 245, 1),
(246, 246, 1),
(247, 247, 1),
(248, 248, 1),
(249, 249, 1),
(250, 250, 1),
(251, 251, 1),
(252, 252, 1),
(253, 253, 1),
(254, 254, 1),
(255, 255, 1),
(256, 256, 1),
(257, 257, 1),
(258, 258, 1),
(259, 259, 1),
(260, 260, 1),
(261, 261, 1),
(262, 262, 1),
(263, 263, 1),
(264, 264, 1),
(265, 265, 1),
(266, 266, 1),
(267, 267, 1),
(268, 268, 1),
(269, 269, 1),
(270, 270, 1),
(271, 271, 1),
(272, 272, 1),
(273, 273, 1),
(274, 274, 1),
(275, 275, 1),
(276, 276, 1),
(277, 277, 1),
(278, 278, 1),
(279, 279, 1),
(280, 280, 1),
(281, 281, 1),
(282, 282, 1),
(283, 283, 1),
(284, 284, 1),
(285, 285, 1),
(286, 286, 1),
(287, 287, 1),
(288, 288, 1),
(289, 289, 1),
(290, 290, 1),
(291, 291, 1),
(292, 292, 1),
(293, 293, 1),
(294, 294, 1),
(295, 295, 1),
(296, 296, 1),
(297, 297, 1),
(298, 298, 1),
(299, 299, 1),
(300, 300, 1),
(301, 301, 1),
(302, 302, 1),
(303, 303, 1),
(304, 304, 1),
(305, 305, 1),
(306, 306, 1),
(307, 307, 1),
(308, 308, 1),
(309, 309, 1),
(310, 310, 1),
(311, 311, 1),
(312, 312, 1),
(313, 313, 1),
(314, 314, 1),
(315, 315, 1),
(316, 316, 1),
(317, 317, 1),
(318, 318, 1),
(319, 319, 1),
(320, 320, 1),
(321, 321, 1),
(322, 322, 1),
(323, 323, 1),
(324, 324, 1),
(325, 325, 1),
(326, 326, 1),
(327, 327, 1),
(328, 328, 1),
(329, 329, 1),
(330, 330, 1),
(331, 331, 1),
(332, 332, 1),
(333, 333, 1),
(334, 334, 1),
(335, 335, 1),
(336, 336, 1),
(337, 337, 1),
(338, 338, 1),
(339, 339, 1),
(340, 340, 1),
(341, 341, 1),
(342, 342, 1),
(343, 343, 1),
(344, 344, 1),
(345, 345, 1),
(346, 346, 1),
(347, 347, 1),
(348, 348, 1),
(349, 349, 1),
(350, 350, 1),
(351, 351, 1),
(352, 352, 1),
(353, 353, 1),
(354, 354, 1),
(355, 355, 1),
(356, 356, 1),
(357, 357, 1),
(358, 358, 1),
(359, 359, 1),
(360, 360, 1),
(361, 361, 1),
(362, 362, 1),
(363, 363, 1),
(364, 364, 1),
(365, 365, 1),
(366, 366, 1),
(367, 367, 1),
(368, 368, 1),
(369, 369, 1),
(370, 370, 1),
(371, 371, 1),
(372, 372, 1),
(373, 373, 1),
(374, 374, 1),
(375, 375, 1),
(376, 376, 1),
(377, 377, 1),
(378, 378, 1),
(379, 379, 1),
(380, 380, 1),
(381, 381, 1),
(382, 382, 1),
(383, 383, 1),
(384, 384, 1),
(385, 385, 1),
(386, 386, 1),
(387, 387, 1),
(388, 388, 1),
(389, 389, 1),
(390, 390, 1),
(391, 391, 1),
(392, 392, 1),
(393, 393, 1),
(394, 394, 1),
(395, 395, 1),
(396, 396, 1),
(397, 397, 1),
(398, 398, 1),
(399, 399, 1),
(400, 400, 1),
(401, 401, 1),
(402, 402, 1),
(403, 403, 1),
(404, 404, 1),
(405, 405, 1),
(406, 406, 1),
(407, 407, 1),
(408, 408, 1),
(409, 409, 1),
(410, 410, 1),
(411, 411, 1),
(412, 412, 1),
(413, 413, 1),
(414, 414, 1),
(415, 415, 1),
(416, 416, 1),
(417, 417, 1),
(418, 418, 1),
(419, 419, 1),
(420, 420, 1),
(421, 421, 1),
(422, 422, 1),
(423, 423, 1),
(424, 424, 1),
(425, 425, 1),
(426, 426, 1),
(427, 427, 1),
(428, 428, 1),
(429, 429, 1),
(430, 430, 1),
(431, 431, 1),
(432, 432, 1),
(433, 433, 1),
(434, 434, 1),
(435, 435, 1),
(436, 436, 1),
(437, 437, 1),
(438, 438, 1),
(439, 439, 1),
(440, 440, 1),
(441, 441, 1),
(442, 442, 1),
(443, 443, 1),
(444, 444, 1),
(445, 445, 1),
(446, 446, 1),
(447, 447, 1),
(448, 448, 1),
(449, 449, 1),
(450, 450, 1),
(451, 451, 1),
(452, 452, 1),
(453, 453, 1),
(454, 454, 1),
(455, 455, 1),
(456, 456, 1),
(457, 457, 1),
(458, 458, 1),
(459, 459, 1),
(460, 460, 1),
(461, 461, 1),
(462, 462, 1),
(463, 463, 1),
(464, 464, 1),
(465, 465, 1),
(466, 466, 1),
(467, 467, 1),
(468, 468, 1),
(469, 469, 1),
(470, 470, 1),
(471, 471, 1),
(472, 472, 1),
(473, 473, 1),
(474, 474, 1),
(475, 475, 1),
(476, 476, 1),
(477, 477, 1),
(478, 478, 1),
(479, 479, 1),
(480, 480, 1),
(481, 481, 1),
(482, 482, 1),
(483, 483, 1),
(484, 484, 1),
(485, 485, 1),
(486, 486, 1),
(487, 487, 1),
(488, 488, 1),
(489, 489, 1),
(490, 490, 1),
(491, 491, 1),
(492, 492, 1),
(493, 493, 1),
(494, 494, 1),
(495, 495, 1),
(496, 496, 1),
(497, 497, 1),
(498, 498, 1),
(499, 499, 1),
(500, 500, 1),
(501, 501, 1),
(502, 502, 1),
(503, 503, 1),
(504, 504, 1),
(505, 505, 1),
(506, 506, 1),
(507, 507, 1),
(508, 508, 1),
(509, 509, 1),
(510, 510, 1),
(511, 511, 1),
(512, 512, 1),
(513, 513, 1),
(514, 514, 1),
(515, 515, 1),
(516, 516, 1),
(517, 517, 1),
(518, 518, 1),
(519, 519, 1),
(520, 520, 1),
(521, 521, 1),
(522, 522, 1),
(523, 523, 1),
(524, 524, 1),
(525, 525, 1),
(526, 526, 1),
(527, 527, 1),
(528, 528, 1),
(529, 529, 1),
(530, 530, 1),
(531, 531, 1),
(532, 532, 1),
(533, 533, 1),
(534, 534, 1),
(535, 535, 1),
(536, 536, 1),
(537, 537, 1),
(538, 538, 1),
(539, 539, 1),
(540, 540, 1),
(541, 541, 1),
(542, 542, 1),
(543, 543, 1),
(544, 544, 1),
(545, 545, 1),
(546, 546, 1),
(547, 547, 1),
(548, 548, 1),
(549, 549, 1),
(550, 550, 1),
(551, 551, 1),
(552, 552, 1),
(553, 553, 1),
(554, 554, 1),
(555, 555, 1),
(556, 556, 1),
(557, 557, 1),
(558, 558, 1),
(559, 559, 1),
(560, 560, 1),
(561, 561, 1),
(562, 562, 1),
(563, 563, 1),
(564, 564, 1),
(565, 565, 1),
(566, 566, 1),
(567, 567, 1),
(568, 568, 1),
(569, 569, 1),
(570, 570, 1),
(571, 571, 1),
(572, 572, 1),
(573, 573, 1),
(574, 574, 1),
(575, 575, 1),
(576, 576, 1),
(577, 577, 1),
(578, 578, 1),
(579, 579, 1),
(580, 580, 1),
(581, 581, 1),
(582, 582, 1),
(583, 583, 1),
(584, 584, 1),
(585, 585, 1),
(586, 586, 1),
(587, 587, 1),
(588, 588, 1),
(589, 589, 1),
(590, 590, 1),
(591, 591, 1),
(592, 592, 1),
(593, 593, 1),
(594, 594, 1),
(595, 595, 1),
(596, 596, 1),
(597, 597, 1),
(598, 598, 1),
(599, 599, 1),
(600, 600, 1),
(601, 601, 1),
(602, 602, 1),
(603, 603, 1),
(604, 604, 1),
(605, 605, 1),
(606, 606, 1),
(607, 607, 1),
(608, 608, 1),
(609, 609, 1),
(610, 610, 1),
(611, 611, 1),
(612, 612, 1),
(613, 613, 1),
(614, 614, 1),
(615, 615, 1),
(616, 616, 1),
(617, 617, 1),
(618, 618, 1),
(619, 619, 1),
(620, 620, 1),
(621, 621, 1),
(622, 622, 1),
(623, 623, 1),
(624, 624, 1),
(625, 625, 1),
(626, 626, 1),
(627, 627, 1),
(628, 628, 1),
(629, 629, 1),
(630, 630, 1),
(631, 631, 1),
(632, 632, 1),
(633, 633, 1),
(634, 634, 1),
(635, 635, 1),
(636, 636, 1),
(637, 637, 1),
(638, 638, 1),
(639, 639, 1),
(640, 640, 1),
(641, 641, 1),
(642, 642, 1),
(643, 643, 1),
(644, 644, 1),
(645, 645, 1),
(646, 646, 1),
(647, 647, 1),
(648, 648, 1),
(649, 649, 1),
(650, 650, 1),
(651, 651, 1),
(652, 652, 1),
(653, 653, 1),
(654, 654, 1),
(655, 655, 1),
(656, 656, 1),
(657, 657, 1),
(658, 658, 1),
(659, 659, 1),
(660, 660, 1),
(661, 661, 1),
(662, 662, 1),
(663, 663, 1),
(664, 664, 1),
(665, 665, 1),
(666, 666, 1),
(667, 667, 1),
(668, 668, 1),
(669, 669, 1),
(670, 670, 1),
(671, 671, 1),
(672, 672, 1),
(673, 673, 1),
(674, 674, 1),
(675, 675, 1),
(676, 676, 1),
(677, 677, 1),
(678, 678, 1),
(679, 679, 1),
(680, 680, 1),
(681, 681, 1),
(682, 682, 1),
(683, 683, 1),
(684, 684, 1),
(685, 685, 1),
(686, 686, 1),
(687, 687, 1),
(688, 688, 1),
(689, 689, 1),
(690, 690, 1),
(691, 691, 1),
(692, 692, 1),
(693, 693, 1),
(694, 694, 1),
(695, 695, 1),
(696, 696, 1),
(697, 697, 1),
(698, 698, 1),
(699, 699, 1),
(700, 700, 1),
(701, 701, 1),
(702, 702, 1),
(703, 703, 1),
(704, 704, 1),
(705, 705, 1),
(706, 706, 1),
(707, 707, 1),
(708, 708, 1),
(709, 709, 1),
(710, 710, 1),
(711, 711, 1),
(712, 712, 1),
(713, 713, 1),
(714, 714, 1),
(715, 715, 1),
(716, 716, 1),
(717, 717, 1),
(718, 718, 1),
(719, 719, 1),
(720, 720, 1),
(721, 721, 1),
(722, 722, 1),
(723, 723, 1),
(724, 724, 1),
(725, 725, 1),
(726, 726, 1),
(727, 727, 1),
(728, 728, 1),
(729, 729, 1),
(730, 730, 1),
(731, 731, 1),
(732, 732, 1),
(733, 733, 1),
(734, 734, 1),
(735, 735, 1),
(736, 736, 1),
(737, 737, 1),
(738, 738, 1),
(739, 739, 1),
(740, 740, 1),
(741, 741, 1),
(742, 742, 1),
(743, 743, 1),
(744, 744, 1),
(745, 745, 1),
(746, 746, 1),
(747, 747, 1),
(748, 748, 1),
(749, 749, 1),
(750, 750, 1),
(751, 751, 1),
(752, 752, 1),
(753, 753, 1),
(754, 754, 1),
(755, 755, 1),
(756, 756, 1),
(757, 757, 1),
(758, 758, 1),
(759, 759, 1),
(760, 760, 1),
(761, 761, 1),
(762, 762, 1),
(763, 763, 1),
(764, 764, 1),
(765, 765, 1),
(766, 766, 1),
(767, 767, 1),
(768, 768, 1),
(769, 769, 1),
(770, 770, 1),
(771, 771, 1),
(772, 772, 1),
(773, 773, 1),
(774, 774, 1),
(775, 775, 1),
(776, 776, 1),
(777, 777, 1),
(778, 778, 1),
(779, 779, 1),
(780, 780, 1),
(781, 781, 1),
(782, 782, 1),
(783, 783, 1),
(784, 784, 1),
(785, 785, 1),
(786, 786, 1),
(787, 787, 1),
(788, 788, 1),
(789, 789, 1),
(790, 790, 1),
(791, 791, 1),
(792, 792, 1),
(793, 793, 1),
(794, 794, 1),
(795, 795, 1),
(796, 796, 1),
(797, 797, 1),
(798, 798, 1),
(799, 799, 1),
(800, 800, 1),
(801, 801, 1),
(802, 802, 1),
(803, 803, 1),
(804, 804, 1),
(805, 805, 1),
(806, 806, 1),
(807, 807, 1),
(808, 808, 1),
(809, 809, 1),
(810, 810, 1),
(811, 811, 1),
(812, 812, 1),
(813, 813, 1),
(814, 814, 1),
(815, 815, 1),
(816, 816, 1),
(817, 817, 1),
(818, 818, 1),
(819, 819, 1),
(820, 820, 1),
(821, 821, 1),
(822, 822, 1),
(823, 823, 1),
(824, 824, 1),
(825, 825, 1),
(826, 826, 1),
(827, 827, 1),
(828, 828, 1),
(829, 829, 1),
(830, 830, 1),
(831, 831, 1),
(832, 832, 1),
(833, 833, 1),
(834, 834, 1),
(835, 835, 1),
(836, 836, 1),
(837, 837, 1),
(838, 838, 1),
(839, 839, 1),
(840, 840, 1),
(841, 841, 1),
(842, 842, 1),
(843, 843, 1),
(844, 844, 1),
(845, 845, 1),
(846, 846, 1),
(847, 847, 1),
(848, 848, 1),
(849, 849, 1),
(850, 850, 1),
(851, 851, 1),
(852, 852, 1),
(853, 853, 1),
(854, 854, 1),
(855, 855, 1),
(856, 856, 1),
(857, 857, 1),
(858, 858, 1),
(859, 859, 1),
(860, 860, 1),
(861, 861, 1),
(862, 862, 1),
(863, 863, 1),
(864, 864, 1),
(865, 865, 1),
(866, 866, 1),
(867, 867, 1),
(868, 868, 1),
(869, 869, 1),
(870, 870, 1),
(871, 871, 1),
(872, 872, 1),
(873, 873, 1),
(874, 874, 1),
(875, 875, 1),
(876, 876, 1),
(877, 877, 1),
(878, 878, 1),
(879, 879, 1),
(880, 880, 1),
(881, 881, 1),
(882, 882, 1),
(883, 883, 1),
(884, 884, 1),
(885, 885, 1),
(886, 886, 1),
(887, 887, 1),
(888, 888, 1),
(889, 889, 1),
(890, 890, 1),
(891, 891, 1),
(892, 892, 1),
(893, 893, 1),
(894, 894, 1),
(895, 895, 1),
(896, 896, 1),
(897, 897, 1),
(898, 898, 1),
(899, 899, 1),
(900, 900, 1),
(901, 901, 1),
(902, 902, 1),
(903, 903, 1),
(904, 904, 1),
(905, 905, 1),
(906, 906, 1),
(907, 907, 1),
(908, 908, 1),
(909, 909, 1),
(910, 910, 1),
(911, 911, 1),
(912, 912, 1),
(913, 913, 1),
(914, 914, 1),
(915, 915, 1),
(916, 916, 1),
(917, 917, 1),
(918, 918, 1),
(919, 919, 1),
(920, 920, 1),
(921, 921, 1),
(922, 922, 1),
(923, 923, 1),
(924, 924, 1),
(925, 925, 1),
(926, 926, 1),
(927, 927, 1),
(928, 928, 1),
(929, 929, 1),
(930, 930, 1),
(931, 931, 1),
(932, 932, 1),
(933, 933, 1),
(934, 934, 1),
(935, 935, 1),
(936, 936, 1),
(937, 937, 1),
(938, 938, 1),
(939, 939, 1),
(940, 940, 1),
(941, 941, 1),
(942, 942, 1),
(943, 943, 1),
(944, 944, 1),
(945, 945, 1),
(946, 946, 1),
(947, 947, 1),
(948, 948, 1),
(949, 949, 1),
(950, 950, 1),
(951, 951, 1),
(952, 952, 1),
(953, 953, 1),
(954, 954, 1),
(955, 955, 1),
(956, 956, 1),
(957, 957, 1),
(958, 958, 1),
(959, 959, 1),
(960, 960, 1),
(961, 961, 1),
(962, 962, 1),
(963, 963, 1),
(964, 964, 1),
(965, 965, 1),
(966, 966, 1),
(967, 967, 1),
(968, 968, 1),
(969, 969, 1),
(970, 970, 1),
(971, 971, 1),
(972, 972, 1),
(973, 973, 1),
(974, 974, 1),
(975, 975, 1),
(976, 976, 1),
(977, 977, 1),
(978, 978, 1),
(979, 979, 1),
(980, 980, 1),
(981, 981, 1),
(982, 982, 1),
(983, 983, 1),
(984, 984, 1),
(985, 985, 1),
(986, 986, 1),
(987, 987, 1),
(988, 988, 1),
(989, 989, 1),
(990, 990, 1),
(991, 991, 1),
(992, 992, 1),
(993, 993, 1),
(994, 994, 1),
(995, 995, 1),
(996, 996, 1),
(997, 997, 1),
(998, 998, 1),
(999, 999, 1),
(1000, 1000, 1),
(1001, 1001, 1),
(1002, 1002, 1),
(1003, 1003, 1),
(1004, 1004, 1),
(1005, 1005, 1),
(1006, 1006, 1),
(1007, 1007, 1),
(1008, 1008, 1),
(1009, 1009, 1),
(1010, 1010, 1),
(1011, 1011, 1),
(1012, 1012, 1),
(1013, 1013, 1),
(1014, 1014, 1),
(1015, 1015, 1),
(1016, 1016, 1),
(1017, 1017, 1),
(1018, 1018, 1),
(1019, 1019, 1),
(1020, 1020, 1),
(1021, 1021, 1),
(1022, 1022, 1),
(1023, 1023, 1),
(1024, 1024, 1),
(1025, 1025, 1),
(1026, 1026, 1),
(1027, 1027, 1),
(1028, 1028, 1),
(1029, 1029, 1),
(1030, 1030, 1),
(1031, 1031, 1),
(1032, 1032, 1),
(1033, 1033, 1),
(1034, 1034, 1),
(1035, 1035, 1),
(1036, 1036, 1),
(1037, 1037, 1),
(1038, 1038, 1),
(1039, 1039, 1),
(1040, 1040, 1),
(1041, 1041, 1),
(1042, 1042, 1),
(1043, 1043, 1),
(1044, 1044, 1),
(1045, 1045, 1),
(1046, 1046, 1),
(1047, 1047, 1),
(1048, 1048, 1),
(1049, 1049, 1),
(1050, 1050, 1),
(1051, 1051, 1),
(1052, 1052, 1),
(1053, 1053, 1),
(1054, 1054, 1),
(1055, 1055, 1),
(1056, 1056, 1),
(1057, 1057, 1),
(1058, 1058, 1),
(1059, 1059, 1),
(1060, 1060, 1),
(1061, 1061, 1),
(1062, 1062, 1),
(1063, 1063, 1),
(1064, 1064, 1),
(1065, 1065, 1),
(1066, 1066, 1),
(1067, 1067, 1),
(1068, 1068, 1),
(1069, 1069, 1),
(1070, 1070, 1),
(1071, 1071, 1),
(1072, 1072, 1),
(1073, 1073, 1),
(1074, 1074, 1),
(1075, 1075, 1),
(1076, 1076, 1),
(1077, 1077, 1),
(1078, 1078, 1),
(1079, 1079, 1),
(1080, 1080, 1),
(1081, 1081, 1),
(1082, 1082, 1),
(1083, 1083, 1),
(1084, 1084, 1),
(1085, 1085, 1),
(1086, 1086, 1),
(1087, 1087, 1),
(1088, 1088, 1),
(1089, 1089, 1),
(1090, 1090, 1),
(1091, 1091, 1),
(1092, 1092, 1),
(1093, 1093, 1),
(1094, 1094, 1),
(1095, 1095, 1),
(1096, 1096, 1),
(1097, 1097, 1),
(1098, 1098, 1),
(1099, 1099, 1),
(1100, 1100, 1),
(1101, 1101, 1),
(1102, 1102, 1),
(1103, 1103, 1),
(1104, 1104, 1),
(1105, 1105, 1),
(1106, 1106, 1),
(1107, 1107, 1),
(1108, 1108, 1),
(1109, 1109, 1),
(1110, 1110, 1),
(1111, 1111, 1),
(1112, 1112, 1),
(1113, 1113, 1),
(1114, 1114, 1),
(1115, 1115, 1),
(1116, 1116, 1),
(1117, 1117, 1),
(1118, 1118, 1),
(1119, 1119, 1),
(1120, 1120, 1),
(1121, 1121, 1),
(1122, 1122, 1),
(1123, 1123, 1),
(1124, 1124, 1),
(1125, 1125, 1),
(1126, 1126, 1),
(1127, 1127, 1),
(1128, 1128, 1),
(1129, 1129, 1),
(1130, 1130, 1),
(1131, 1131, 1),
(1132, 1132, 1),
(1133, 1133, 1),
(1134, 1134, 1),
(1135, 1135, 1),
(1136, 1136, 1),
(1137, 1137, 1),
(1138, 1138, 1),
(1139, 1139, 1),
(1140, 1140, 1),
(1141, 1141, 1),
(1142, 1142, 1),
(1143, 1143, 1),
(1144, 1144, 1),
(1145, 1145, 1),
(1146, 1146, 1),
(1147, 1147, 1),
(1148, 1148, 1),
(1149, 1149, 1),
(1150, 1150, 1),
(1151, 1151, 1),
(1152, 1152, 1),
(1153, 1153, 1),
(1154, 1154, 1),
(1155, 1155, 1),
(1156, 1156, 1),
(1157, 1157, 1),
(1158, 1158, 1),
(1159, 1159, 1),
(1160, 1160, 1),
(1161, 1161, 1),
(1162, 1162, 1),
(1163, 1163, 1),
(1164, 1164, 1),
(1165, 1165, 1),
(1166, 1166, 1),
(1167, 1167, 1),
(1168, 1168, 1),
(1169, 1169, 1),
(1170, 1170, 1),
(1171, 1171, 1),
(1172, 1172, 1),
(1173, 1173, 1),
(1174, 1174, 1),
(1175, 1175, 1),
(1176, 1176, 1),
(1177, 1177, 1),
(1178, 1178, 1),
(1179, 1179, 1),
(1180, 1180, 1),
(1181, 1181, 1),
(1182, 1182, 1),
(1183, 1183, 1),
(1184, 1184, 1),
(1185, 1185, 1),
(1186, 1186, 1),
(1187, 1187, 1),
(1188, 1188, 1),
(1189, 1189, 1),
(1190, 1190, 1),
(1191, 1191, 1),
(1192, 1192, 1),
(1193, 1193, 1),
(1194, 1194, 1),
(1195, 1195, 1),
(1196, 1196, 1),
(1197, 1197, 1),
(1198, 1198, 1),
(1199, 1199, 1),
(1200, 1200, 1),
(1201, 1201, 1),
(1202, 1202, 1),
(1203, 1203, 1),
(1204, 1204, 1),
(1205, 1205, 1),
(1206, 1206, 1),
(1207, 1207, 1),
(1208, 1208, 1),
(1209, 1209, 1),
(1210, 1210, 1),
(1211, 1211, 1),
(1212, 1212, 1),
(1213, 1213, 1),
(1214, 1214, 1),
(1215, 1215, 1),
(1216, 1216, 1),
(1217, 1217, 1),
(1218, 1218, 1),
(1219, 1219, 1),
(1220, 1220, 1),
(1221, 1221, 1),
(1222, 1222, 1),
(1223, 1223, 1),
(1224, 1224, 1),
(1225, 1225, 1),
(1226, 1226, 1),
(1227, 1227, 1),
(1228, 1228, 1),
(1229, 1229, 1),
(1230, 1230, 1),
(1231, 1231, 1),
(1232, 1232, 1),
(1233, 1233, 1),
(1234, 1234, 1),
(1235, 1235, 1),
(1236, 1236, 1),
(1237, 1237, 1),
(1238, 1238, 1),
(1239, 1239, 1),
(1240, 1240, 1),
(1241, 1241, 1),
(1242, 1242, 1),
(1243, 1243, 1),
(1244, 1244, 1),
(1245, 1245, 1),
(1246, 1246, 1),
(1247, 1247, 1),
(1248, 1248, 1),
(1249, 1249, 1),
(1250, 1250, 1),
(1251, 1251, 1),
(1252, 1252, 1),
(1253, 1253, 1),
(1254, 1254, 1),
(1255, 1255, 1),
(1256, 1256, 1),
(1257, 1257, 1),
(1258, 1258, 1),
(1259, 1259, 1),
(1260, 1260, 1),
(1261, 1261, 1),
(1262, 1262, 1),
(1263, 1263, 1),
(1264, 1264, 1),
(1265, 1265, 1),
(1266, 1266, 1),
(1267, 1267, 1),
(1268, 1268, 1),
(1269, 1269, 1),
(1270, 1270, 1),
(1271, 1271, 1),
(1272, 1272, 1),
(1273, 1273, 1),
(1274, 1274, 1),
(1275, 1275, 1),
(1276, 1276, 1),
(1277, 1277, 1),
(1278, 1278, 1),
(1279, 1279, 1),
(1280, 1280, 1),
(1281, 1281, 1),
(1282, 1282, 1),
(1283, 1283, 1),
(1284, 1284, 1),
(1285, 1285, 1),
(1286, 1286, 1),
(1287, 1287, 1),
(1288, 1288, 1),
(1289, 1289, 1),
(1290, 1290, 1),
(1291, 1291, 1),
(1292, 1292, 1),
(1293, 1293, 1),
(1294, 1294, 1),
(1295, 1295, 1),
(1296, 1296, 1),
(1297, 1297, 1);

-- --------------------------------------------------------

--
-- Estructura de tabla para la tabla `productos`
--

CREATE TABLE `productos` (
  `IdProducto` int(11) NOT NULL,
  `CodProducto` varchar(45) CHARACTER SET utf8 COLLATE utf8_spanish_ci NOT NULL,
  `Instancia` text CHARACTER SET utf8 COLLATE utf8_spanish_ci NOT NULL,
  `UMedida` varchar(45) CHARACTER SET utf8 COLLATE utf8_spanish_ci NOT NULL,
  `Total` varchar(45) CHARACTER SET utf8 COLLATE utf8_spanish_ci NOT NULL,
  `TotalContada` varchar(45) CHARACTER SET utf8 COLLATE utf8_spanish_ci NOT NULL
) ENGINE=InnoDB DEFAULT CHARSET=utf8 COLLATE=utf8_unicode_ci;

--
-- Volcado de datos para la tabla `productos`
--

INSERT INTO `productos` (`IdProducto`, `CodProducto`, `Instancia`, `UMedida`, `Total`, `TotalContada`) VALUES
(1, '', 'LIBRETA', 'No Aplica', '0', '1'),
(2, '', 'LAPIZ MONGOL', 'No Aplica', '7', ''),
(3, '', 'IMPRESIONES EN LITHO ADHESIVO ', 'No Aplica', '0', ''),
(4, '', 'LAPICERO NEGRO', 'No Aplica', '2', ''),
(5, 'EACEITE-2050', 'ACEITE 2050 ', 'No aplica', '1,8', '1,8'),
(6, 'EAGUDESM-0700', 'AGUA DESMINERALIZADA 700CC', 'No aplica', '5', '5'),
(7, 'EAGUDEST-0001', 'AGUA DESTILADA ', 'No aplica', '1,75', '1 3/4'),
(8, '', 'ARRANQUE DE MONTACARGAS', 'No aplica', '0', ''),
(9, '', 'BATERIA 900 A DUNCAN en uso montacargas', 'No aplica', '2', '2'),
(10, 'EREPMON-0001', 'CAJA CON REPUESTOS VARIOS USADOS DE MONTACARG', 'No aplica', '1', '1'),
(11, 'EDISPRE-0001', 'DISCO Y PRENSA DE CROCHE DE VEHICULO', 'No aplica', '2', '2'),
(12, 'EGATMON-0001', 'GATO-BRAZO DE MONTACARGAS', 'No aplica', '1', '1'),
(13, 'EGRAZUL-0397', 'GRASA AZUL 397 Gr', 'No aplica', '1', '1'),
(14, 'EGRAZUL-0400', 'GRASA AZUL 4OO Gr', 'No aplica', '1', '1'),
(15, 'ELIGAF-0290', 'LIGA PARA FRENOS 290 CC', 'No aplica', '70', '70'),
(16, 'EREFVEH-0001', 'REFRIGERANTE PARA VEHICULOS  LITROS', 'No aplica', '2', '2'),
(17, 'ECORREA3V-1320', 'CORREA 3V-1320', 'PIEZA', '4', '4'),
(18, 'ECORREA3V-0670', 'CORREA 3V-670', 'PIEZA', '1', '1'),
(19, 'ECORREA-0028', 'CORREA A28', 'PIEZA', '10', '10'),
(20, 'ECORREA-0029', 'CORREA A29', 'PIEZA', '1', '1'),
(21, 'ECORREA-0031', 'CORREA A31', 'PIEZA', '7', '7'),
(22, 'ECORREA-0032', 'CORREA A32', 'PIEZA', '2', '2'),
(23, 'ECORREA-0034', 'CORREA A34', 'PIEZA', '6', '6'),
(24, 'ECORREA-0035', 'CORREA A35', 'PIEZA', '5', '5'),
(25, 'ECORREA-0044', 'CORREA A44', 'PIEZA', '1', '1'),
(26, 'ECORREA-0065', 'CORREA A65', 'PIEZA', '2', '2'),
(27, 'ECORREA-0068', 'CORREA A68', 'PIEZA', '1', '1'),
(28, 'ECORREABL-0068', 'CORREA A68 BL', 'PIEZA', '3', '3'),
(29, 'ECORREA-0070', 'CORREA A70', 'PIEZA', '6', '6'),
(30, 'ECORREA-0072', 'CORREA A72', 'PIEZA', '3', '3'),
(31, 'ECORREA-0075', 'CORREA A75', 'PIEZA', '2', '2'),
(32, 'ECORREA-0086', 'CORREA A86', 'PIEZA', '3', '3'),
(33, 'ECORREA-0089', 'CORREA A89', 'PIEZA', '6', '6'),
(34, 'ECORREA-0098', 'CORREA A98', 'PIEZA', '1', '1'),
(35, 'ECORREABL-0098', 'CORREA A98BL', 'PIEZA', '2', '2'),
(36, 'ECORREA-0099', 'CORREA A99', 'PIEZA', '3', '3'),
(37, 'ECORREAB-0102', 'CORREA B102', 'PIEZA', '4', '4'),
(38, 'ECORREAB-0114', 'CORREA B114', 'PIEZA', '4', '4'),
(39, 'ECORREAB-0120', 'CORREA B120', 'PIEZA', '3', '3'),
(40, 'ECORREAB-0130', 'CORREA B130', 'PIEZA', '8', '8'),
(41, 'ECORREAB-0152', 'CORREA B152', 'PIEZA', '4', '4'),
(42, 'ECORREAB-0158', 'CORREA B158', 'PIEZA', '4', '4'),
(43, 'ECORREAB-0034', 'CORREA B34', 'PIEZA', '6', '6'),
(44, 'ECORREAB-0037', 'CORREA B37', 'PIEZA', '2', '2'),
(45, 'ECORREAB-0041', 'CORREA B41', 'PIEZA', '1', '1'),
(46, 'ECORREAB-0054', 'CORREA B54', 'PIEZA', '1', '1'),
(47, 'ECORREAB-0057', 'CORREA B57', 'PIEZA', '2', '2'),
(48, 'ECORREAB-0061', 'CORREA B61', 'PIEZA', '13', '13'),
(49, 'ECORREAB-0071', 'CORREA B71', 'PIEZA', '4', '4'),
(50, 'ECORREAB-0098', 'CORREA B98', 'PIEZA', '5', '5'),
(51, 'ECORREAD-0001', 'CORREA DENTANDA (SIN NUMERO)', 'PIEZA', '1', '1'),
(52, 'EABRAZ-0112', 'ABRAZADERA 1 1/2', 'No aplica', '1', '1'),
(53, 'EABRAZ-0114', 'ABRAZADERA 1 1/4', 'No aplica', '1', '1'),
(54, 'EABRAZ-0212', 'ABRAZADERA 2 1/2', 'No aplica', '1', '1'),
(55, 'EABRAZCP-0001', 'ABRAZADERA CP', 'No aplica', '0', '0'),
(56, 'EABRELE-0001', 'ABRAZADERA DE ELECTRICIDAD', 'No aplica', '3', '3'),
(57, 'EABRMAN-0001', 'ABRAZADERA DE MANGUERA 1 PULGADA', 'No aplica', '11', '11'),
(58, 'EABRMAN-0114', 'ABRAZADERA DE MANGUERA 1 1/4', 'No aplica', '21', '21'),
(59, 'EABRMAN-0116', 'ABRAZADERA DE MANGUERA 1 1/6', 'No aplica', '2', '2'),
(60, 'EABRMAN-0118', 'ABRAZADERA DE MANGUERA 1 1/8', 'No aplica', '2', '2'),
(61, '', 'ABRAZADERA DE MANGUERA 16-27', 'No aplica', '4', '4'),
(62, 'EABRMAN-0034', 'ABRAZADERA DE MANGUERA 3/4', 'No aplica', '12', '12'),
(63, '', 'ABRAZADERA DE MANGUERA18-29', 'No aplica', '6', '6'),
(64, 'EABRMAN-0012', 'ABRAZADERA DE MANGUERAS 1/2', 'No aplica', '12', '0'),
(65, 'EABRUNA-0012', 'ABRAZADERA DE UNA 1/2 PULGADAS', 'No aplica', '22', '22'),
(66, 'EABRUNA-0002', 'ABRAZADERA DE UNA 2 PULGADAS', 'No aplica', '2', '2'),
(67, 'EABRUNA-0003', 'ABRAZADERA DE UNA 3 PULGADAS', 'No aplica', '11', '11'),
(68, 'EABRUNA-0034', 'ABRAZADERA DE UNA 3/4', 'No aplica', '19', '19'),
(69, '', 'ABRAZADERA DE UNA 3/4', 'No aplica', '40', '40'),
(70, 'EABRDRIEL-0001', 'ABRAZADERA DOBLE PARA RIEL 1 PULGADA ', 'No aplica', '21', '21'),
(71, 'EABRDRIEL-0012', 'ABRAZADERA DOBLE PARA RIEL 1/2 PULGADA ', 'No aplica', '65', '65'),
(72, 'EABRDRIEL-0002', 'ABRAZADERA DOBLE PARA RIEL 2 PULGADA ', 'No aplica', '79', '79'),
(73, 'EABRTU-0001', 'ABRAZADERA TIPO U', 'No aplica', '3', '3'),
(74, 'EACOBLI-0001', 'ACOPLADOR DE BLINDAJE', 'No aplica', '3', '3'),
(75, '', 'ACOPLADORES DE BOMBILLOS', 'No aplica', '5', '4'),
(76, 'EAISLPORC-0001', 'AISLANTE DE PORCELANA PARA TRANSFORMADOR', 'No aplica', '3', '3'),
(77, 'EANILLO-0134', 'ANILLO 1 3/4', 'No aplica', '16', '16'),
(78, 'EANILLO-0212', 'ANILLO 2 1/2', 'No aplica', '3', '3'),
(79, 'EANILLO-0003', 'ANILLO 3 PULGADA ', 'No aplica', '1', '1'),
(80, 'EANILLO-0004', 'ANILLO 4 PULGADA ', 'No aplica', '1', '1'),
(81, 'EANICON-0001', 'ANILLO CONDUIT  1 PULGADA ', 'No aplica', '9', '9'),
(82, 'EANICON-0112', 'ANILLO CONDUIT 1 1/2', 'No aplica', '4', '4'),
(83, 'EANICON-0114', 'ANILLO CONDUIT 1 1/4', 'No aplica', '24', '24'),
(84, 'EANIEMT-0134', 'ANILLO EMT 1 1/2 METALICO', 'No aplica', '16', '16'),
(85, 'EANIEMT-0012', 'ANILLO EMT 1/2 METALICO', 'No aplica', '86', '86'),
(86, '', 'ANILLO EMT 3/4', 'No aplica', '24', '24'),
(87, 'EANIEMT-0034', 'ANILLO EMT 3/4 RECTO METALICO', 'No aplica', '16', '16'),
(88, 'EBALMET-0400', 'BALASTRO 400 V METALICO', 'No aplica', '5', '5'),
(89, 'EBALICM-0032', 'BALASTRO ICMP32M', 'No aplica', '2', '2'),
(90, 'EBALAST-0121', 'BALASTRO NUEVOS 2X40X120', 'No aplica', '10', '10'),
(91, 'EBALAST-0120', 'BALASTRO USADOS 2X40X120', 'No aplica', '4', '4'),
(92, 'EBASLAME-0001', 'BASE PARA LAMPARA FLORESCENTE EXTERNA', 'No aplica', '5', '5'),
(93, 'EBASLAMT-0002', 'BASE PARA LAMPARA FLORESCENTE PARA TECHO RASO', 'No aplica', '10', '10'),
(94, 'EBASLAMR-0003', 'BASE PARA LAMPARA REDONDA', 'No aplica', '1', '1'),
(95, 'EBASREL-0001', 'BASE PARA RELE TEMPORIZADOR', 'No aplica', '1', '1'),
(96, 'EBLOCONT-0001', 'BLOQUE DE CONTACTO', 'No aplica', '2', '4'),
(97, 'EBOMBIL-0039', 'BOMBILLO 39W', 'No aplica', '13', '13'),
(98, 'EBOMBIL-0040', 'Bombillo 40 W (Universal)', 'No aplica', '6', '6'),
(99, 'EBOMBIL-0075', 'BOMBILLO 75W', 'No aplica', '32', '32'),
(100, 'EBOMBIL-0018', 'BOMBILLO FLORESCENTE 18V', 'No aplica', '2', '2'),
(101, 'EBOMBIL-0220', 'BOMBILLO FLORESCENTE DB LIGHT 220V', 'No aplica', '1', '1'),
(102, 'EBOMBIL-0220', 'BOMBILLO FLORESCENTE SEASTARD 220V', 'No aplica', '1', '1'),
(103, 'EBOMRED-0022', 'BOMBILLO REDONDO 22W', 'No aplica', '1', '1'),
(104, 'EBRAKER-0250', 'BREAKER 250 AMP', 'No aplica', '1', '1'),
(105, 'EBRAKERB-0032', 'BREAKER BTICINO 32 AMP', 'No aplica', '1', '1'),
(106, 'EBRAKERM-0040', 'BREAKER MONOFASICO 40 AMP', 'No aplica', '1', '1'),
(107, 'EBRAKERT-0001', 'BREAKER TRIFASICO', 'No aplica', '1', '1'),
(108, 'ECABEZAL-0001', 'CABEZAL DE LIMIT SWITCH 114d4TLA', 'No aplica', '3', '3'),
(109, 'ECABLEAM-0012', 'CABLE AMARILLO 12', 'No aplica', '5', '5'),
(110, 'ECABLEAM-0018', 'CABLE AMARILLO 18', 'No aplica', '3', '3'),
(111, '', 'CABLE AWG 12 METROS', 'No aplica', '200', '200'),
(112, 'ECABTELA-0001', 'CABLE AZUL PARA INSTALACION TELEFONICA', 'No aplica', '32', '32'),
(113, 'ECABLEBL-0012', 'CABLE BLANCO 12 USADO', 'No aplica', '12', '12'),
(114, 'ECABLEBL-0018', 'CABLE BLANCO 18', 'No aplica', '5,5', '5 1/2'),
(115, 'ECABLEBL-0200', 'CABLE BLANCO 2X12 200AWG', 'No aplica', '5,5', '5 1/2'),
(116, 'ECABLEBL-0004', 'CABLE BLANCO TWH 4', 'No aplica', '63', '63'),
(117, 'ECABGRU-1261', 'CABLE DE GRUA H07VVH6-F 1261', 'No aplica', '23', '23'),
(118, 'ECABLEGR-0014', 'CABLE GRIS 1X4', 'No aplica', '4', '4'),
(119, 'ECABLEGR-0210', 'CABLE GRIS 2X10 AWG', 'No aplica', '109', '109'),
(120, 'ECABTELG-0001', 'CABLE GRIS PARA INSTALACION TELEFONICA', 'No aplica', '6', '6'),
(121, 'ECABLENE-0010', 'CABLE NEGRO 10', 'No aplica', '2', '2'),
(122, 'ECABLENE-0018', 'CABLE NEGRO 18', 'No aplica', '18', '18'),
(123, 'ECABLENE-0210', 'CABLE NEGRO 2X10', 'No aplica', '19', '19'),
(124, 'ECABLENE-0410', 'CABLE NEGRO AWG 4X10', 'No aplica', '2', '2'),
(125, 'ECABLENE-0600', 'CABLE NEGRO AWG 600V', 'No aplica', '24', '24'),
(126, 'ECABLENE-0406', 'CABLE NEGRO ELEGON TIPO ST-E 4X6', 'No aplica', '30', '30'),
(127, 'ECABSOL-0060', 'CABLE NEGRO PARA MAQUINA DE SOLDAR 600V', 'No aplica', '6', '6'),
(128, 'ECABLENE-0053', 'CABLE NEGRO PHELPS DODGE 53MM', 'No aplica', '9', '9'),
(129, 'ECABLESTN-0210', 'CABLE NEGRO ST 2X10', 'No aplica', '1,8', '1,8'),
(130, 'ECABLESTN-0310', 'CABLE NEGRO ST 3X10', 'No aplica', '5,5', '5 1/2'),
(131, 'ECABLESTN-0312', 'CABLE NEGRO ST 3X12', 'No aplica', '4,5', '4 1/2'),
(132, 'ECABLESTN-0314', 'CABLE NEGRO ST 3X14', 'No aplica', '4,5', '4 1/2'),
(133, 'ECABLESTN-0038', 'CABLE NEGRO ST 3X8', 'No aplica', '4', '4'),
(134, 'ECABLESTN-0410', 'CABLE NEGRO ST 4X10', 'No aplica', '2', '2'),
(135, 'ECABLESTN-0412', 'CABLE NEGRO ST 4X12', 'No aplica', '4', '4'),
(136, 'ECABLESTN-0414', 'CABLE NEGRO ST 4X14', 'No aplica', '3', '3'),
(137, 'ECABLTHWN-0600', 'CABLE NEGRO THW1#0 600V', 'No aplica', '17,5', '17 1/2'),
(138, 'ECABSOL-0000', 'CABLE PARA MAQUINA DE SOLDAR MICRO WEEL DETERIORADO CON ANTORCHA EN MAL ESTADO', 'No aplica', '1', '1'),
(139, 'ECABLERO-0010', 'CABLE ROJO 10', 'No aplica', '11,8', '11,8'),
(140, 'ECABLERO-0012', 'CABLE ROJO 12 ', 'No aplica', '38', '38'),
(141, 'ECABLERO-0018', 'CABLE ROJO 18', 'No aplica', '42,5', '42 1/2'),
(142, 'ECABLERO-0004', 'CABLE ROJO TN 4 AWG', 'No aplica', '35', '35'),
(143, 'ECABLEVE-0012', 'CABLE VERDE 12', 'No aplica', '15,5', '15 1/2'),
(144, 'ECAJET18-1006', 'CAJETIN 18X10X6', 'No aplica', '1', '1'),
(145, 'ECAJET18-1006', 'CAJETIN 18X10X6 SIN TAPA', 'No aplica', '1', '1'),
(146, 'ECAJET20-2010', 'CAJETIN 20X20X10', 'No aplica', '5', '5'),
(147, 'ECAJET20-2010', 'CAJETIN 20X20X10 CON INSTALACION', 'No aplica', '1', '1'),
(148, 'ECAJET30-2510', 'CAJETIN 30X25X10', 'No aplica', '1', '1'),
(149, 'ECAJET30-3015', 'CAJETIN 30X30X15', 'No aplica', '1', '1'),
(150, '', 'CAJETIN 4 X 2 X 3/4', 'No aplica', '1', '1'),
(151, '', 'CAJETIN 4 X 4 X 3/4', 'No aplica', '8', '8'),
(152, 'ECAJET40-4015', 'CAJETIN 40X40X15', 'No aplica', '1', '1'),
(153, 'ECAJETIN-0220', 'CAJETIN DE 220 V', 'No aplica', '1', '1'),
(154, 'ECAJMET-0402', 'CAJETIN METALICO 4X2', 'No aplica', '4', '2'),
(155, 'ECAJMET-0001', 'CAJETIN METALICO NUEVO 4X4', 'No aplica', '6', '4'),
(156, 'ECAJMET-0402', 'CAJETIN METALICO USADO 4X2 ', 'No aplica', '2', '2'),
(157, 'ECAJMET-0404', 'CAJETIN METALICO USADO 4X4', 'No aplica', '1', '1'),
(158, 'ECAJMET-0402', 'CAJETIN NUEVO 4X2', 'No aplica', '3', '3'),
(159, 'ECAJPLA-0404', 'CAJETIN PLASTICO CON TAPA NUEVO 4X4', 'No aplica', '4', '4'),
(160, 'ECAJPLA-0402', 'CAJETIN PLASTICO NUEVO 4X2', 'No aplica', '1', '1'),
(161, 'ECAJPLA-0404', 'CAJETIN PLASTICO SIN TAPA NUEVO 4X4', 'No aplica', '4', '4'),
(162, 'ECAJPLA-0402', 'CAJETIN PLASTICO USADO 4X2', 'No aplica', '2', '2'),
(163, 'ECANELEC-0001', 'CANALETA EXTERNA DE ELECTRICIDAD', 'No aplica', '1', '1'),
(164, 'ECANTAB-0002', 'CANALETA PARA TABLERO', 'No aplica', '3', '3'),
(165, 'ECANCAB-0003', 'CANALETA PORTA CABLE', 'No aplica', '5', '5'),
(166, '', 'CENTRAL CONTRA INCENDIOS NUEVA', 'No aplica', '1', '1'),
(167, 'ECONDMF-0028', 'CONDENSADOR  28 MF', 'No aplica', '13', '13'),
(168, 'ECONDMF-0025', 'CONDENSADOR 25MF USADOS', 'No aplica', '3', '3'),
(169, 'ECONLAM-0001', 'CONDENSADOR PARA LAMPARAS STARTE', 'No aplica', '21', '21'),
(170, 'ECONHEM-0032', 'CONECTOR CEKON HEMBRA 32 A USADO', 'No aplica', '3', '3'),
(171, 'ECONCURV-0012', 'CONECTOR CURVO LIQUID TIGCH1/2', 'No aplica', '2', '2'),
(172, 'ECONEMT-0001', 'CONECTOR EMT 1 PULGADA ', 'No aplica', '10', '10'),
(173, 'ECONEMT-0012', 'CONECTOR EMT 1/2', 'No aplica', '0', ''),
(174, 'ECONEHEM-0083', 'CONECTOR EXTERNO CEKON HEMBRA 83 AMP', 'No aplica', '2', '2'),
(175, 'ECONLT-0034', 'CONECTOR LIQUID TIGCH 3/4', 'No aplica', '3', '3'),
(176, 'ECONREMT-0001', 'CONECTOR RECTO EMT 1 PULGADA ', 'No aplica', '3', '3'),
(177, 'ECONREMT-0112', 'CONECTOR RECTO EMT 1 1/2 PULGADA ', 'No aplica', '14', '14'),
(178, 'ECONREMT-0002', 'CONECTOR RECTO EMT 2 PULGADA ', 'No aplica', '1', '1'),
(179, 'ECONREMT-0034', 'CONECTOR RECTO EMT 3/4', 'No aplica', '15', '15'),
(180, 'ECONRLT-0134', 'CONECTOR RECTO LIQUID TIGCH 1 3/4', 'No aplica', '1', '1'),
(181, 'ECONRLT-0001', 'CONECTOR RECTO LIQUID TIGCH 1 PULGADA ', 'No aplica', '18', '18'),
(182, 'ECONRLT-0002', 'CONECTOR RECTO LIQUID TIGCH 2 PULGADA ', 'No aplica', '3', '3'),
(183, 'ECONMAC-0032', 'CONEECTOR CEKON MACHO 32 A USADO', 'No aplica', '7', '7'),
(184, 'ECONCCUR-0112', 'CONEXION CONDULET 1 1/2 CURVA 90 GRADOS', 'No aplica', '4', '4'),
(185, 'ECONCREC-0134', 'CONEXION CONDULET RECTA 1 3/4', 'No aplica', '1', '1'),
(186, 'ECONCONT-0001', 'CONEXION CONDULET T 1', 'No aplica', '8', '8'),
(187, 'ECONCONT-0034', 'CONEXION CONDULETX T 3/4', 'No aplica', '4', '4'),
(188, 'ECONCON90-0034', 'CONEXION CONDULEX 3/4 90 GRADOS', 'No aplica', '6', '6'),
(189, 'ECONCREC-0001', 'CONEXION CONDULEX RECTA ', 'No aplica', '1', '1'),
(190, 'ECONCURLT-0090', 'CONEXION CURVA LIQUID TIGCH 90 GRADOS', 'No aplica', '1', '1'),
(191, 'ECONEMP-0001', 'CONEXION PARA EMPALMER DE CABLE DE ANILLO', 'No aplica', '7', '7'),
(192, 'ECONBROT-0001', 'CONEXIONES DE BRONCE PARA TABLERO', 'No aplica', '3', '3'),
(193, 'ECONMTRI-0025', 'CONMUTADOR 25 AMP', 'No aplica', '1', '1'),
(194, 'ECONMTRI-0408', 'CONMUTADOR DE LINEA TRIFASICO ABB 408V', 'No aplica', '1', '1'),
(195, '', 'CONTACTOR  16 A ', 'No aplica', '1', '1'),
(196, '', 'CONTACTOR  9 A ', 'No aplica', '1', '1'),
(197, '', 'CONTACTOR 25 A', 'No aplica', '1', '1'),
(198, 'ECONMTRI-0032', 'CONTACTOR 32 AMP', 'No aplica', '1', '1'),
(199, '', 'CONTACTOR DE 40 A', 'No aplica', '1', ''),
(200, '', 'CONTACTOR AUXILIAR 6 A ', 'No aplica', '4', '4'),
(201, 'ECONTAB-0001', 'CONTACTOR PARA TABLERO', 'No aplica', '9', '9'),
(202, 'ECONTRI-0002', 'CONTACTOR TRIFASICO DE 240 V', 'No aplica', '1', '1'),
(203, 'ECURELEHI-0001', 'CURVA DE ELECTRICIDAD DE HIERRO 1 PULGADA ', 'No aplica', '38', '38'),
(204, 'ECURELEHI-0112', 'CURVA DE ELECTRICIDAD HIERRO 1 1/2', 'No aplica', '1', '1'),
(205, 'ECURELEPL-0112', 'CURVA DE ELECTRICIDAD PLASTICO 1 1/2', 'No aplica', '2', '2'),
(206, 'ECURELEPL-0012', 'CURVA DE ELECTRICIDAD PLASTICO 1/2', 'No aplica', '2', '2'),
(207, 'ECURVLT-0012', 'CURVA LIQUID TIGH 1/2', 'No aplica', '1', '1'),
(208, 'EENCHUFE-0001', 'ENCHUFE PARA EXTENSION', 'No aplica', '7', '1'),
(209, 'EESTENSION-0210', 'EXTENSION PARA CONEXION CECKON CON CABLE 2X10', 'No aplica', '5', '5'),
(210, 'EFILTCOPR-0001', 'FILTRO DE COPRESOR ', 'No aplica', '10', '10'),
(211, 'EFLECONT-0001', 'FLETE DE CONTACTO', 'No aplica', '3', '3'),
(212, 'EFUSIBLE-0010', 'FUSIBLE 10 AMPERIOS', 'No aplica', '15', '16'),
(213, 'EFUSIBLE-0125', 'FUSIBLE 125 AMPERIOS', 'No aplica', '2', '2'),
(214, 'EFUSIBLE-0016', 'FUSIBLE 16 AMPERIOS', 'No aplica', '124', '124'),
(215, 'EFUSIBLE-0002', 'FUSIBLE 2 AMPERIOS', 'No aplica', '32', '32'),
(216, 'EFUSIBLE-0020', 'FUSIBLE 20 AMPERIOS', 'No aplica', '6', '6'),
(217, 'EFUSIBLE-0200', 'FUSIBLE 200  AMPERIOS', 'No aplica', '3', '3'),
(218, 'EFUSIBLE-0025', 'FUSIBLE 25 AMPERIOS', 'No aplica', '4', '4'),
(219, 'EFUSIBLE-0250', 'FUSIBLE 250  AMPERIOS', 'No aplica', '3', '3'),
(220, 'EFUSIBLE-0035', 'FUSIBLE 35  AMPERIOS', 'No aplica', '3', '3'),
(221, 'EFUSIBLE-0004', 'FUSIBLE 4 AMPERIOS', 'No aplica', '4', '4'),
(222, 'EFUSIBLE-0040', 'FUSIBLE 40  AMPERIOS', 'No aplica', '12', '12'),
(223, '', 'FUSIBLE 450 A', 'No aplica', '2', '2'),
(224, 'EFUSIBLE-0006', 'FUSIBLE 6 AMPERIOS', 'No aplica', '17', '17'),
(225, 'EFUSIBLE-0060', 'FUSIBLE 60  AMPERIOS', 'No aplica', '4', '4'),
(226, 'EFUSIBLE-0063', 'FUSIBLE 63  AMPERIOS', 'No aplica', '2', '2'),
(227, 'EFUSIBLE-0070', 'FUSIBLE 70  AMPERIOS', 'No aplica', '4', '4'),
(228, 'EFUSIBLE-0008', 'FUSIBLE 8 AMPERIOS', 'No aplica', '4', '4'),
(229, '', 'FUSIBLE 80 A', 'No aplica', '2', '2'),
(230, 'EFUSCUA-0063', 'FUSIBLE CUADRADO 63 AMPERIOS', 'No aplica', '2', '2'),
(231, 'EFUSALTE-0001', 'FUSIBLE DE ALTA TENCION', 'No aplica', '3', '3'),
(232, 'EFUSVID-0010', 'FUSIBLE DE VIDRIO 10 AMPERIOS', 'No aplica', '0', '0'),
(233, 'EFUSIBLE-0050', 'Fusibles 50 AMPERIOS', 'No aplica', '2', '2'),
(234, 'EGUAMOT-0001', 'GUARDAMOTOR', 'No aplica', '1', '1'),
(235, 'EIGNITOR-0150', 'IGNITOR 150V CLR002P', 'No aplica', '3', '3'),
(236, 'EIGNITOR-0070', 'IGNITOR 70-400V', 'No aplica', '6', '6'),
(237, 'EINTDOB-0001', 'INTERRUPTOR DOBLE NUEVO', 'No aplica', '2', '2'),
(238, '', 'INTERRUPTOR DOBLE USADO', 'No aplica', '1', '1'),
(239, 'EINTSEN-0001', 'INTERRUPTOR SENCILLO NUEVO', 'No aplica', '2', '2'),
(240, 'EINTSEN-0001', 'INTERRUPTOR SENCILLO USADOS', 'No aplica', '7', '7'),
(241, '', 'INTERRUPTOR TRIPLE NUEVO', 'No aplica', '1', '1'),
(242, 'EINTTIM-0001', 'INTERRUPTORES PARA TIMBRE USADO', 'No aplica', '1', '1'),
(243, 'ECARBONG-0001', 'JUEGO CARBON GRANDE ', 'No aplica', '5', '5'),
(244, 'ELAMPARA-0500', 'LAMPARA 500V SIN BOMBILLO 2', 'No aplica', '2', '2'),
(245, 'ELAMPCUA-0001', 'LAMPARA CUADRADA PEQUENA SIN BOMBILLO', 'No aplica', '1', '1'),
(246, 'ELAMPARAF-0032', 'LAMPARA FLORESCENTE 32V', 'No aplica', '12', '12'),
(247, '', 'Lampara fluorescente sin bombillo con pantalla', 'No aplica', '3', '3'),
(248, 'ELIMSWI-2005', 'LIMIT SWITCH KH 2005-12', 'No aplica', '7', '7'),
(249, 'ELINTERNA-0001', 'LINTERNA SIN PILA NI BOMBILLO', 'No aplica', '1', '1'),
(250, 'EMICSWIE-0001', 'MICRO SWITCH ELEVA', 'No aplica', '7', '7'),
(251, 'EMICSWIR-0001', 'MICRO SWITCH RECTO', 'No aplica', '21', '21'),
(252, 'EMINSWI-8005', 'MINI LIMIT SWITCH KH8005 S', 'No aplica', '4', '4'),
(253, 'EMODULO-0001', 'MODULO GENERAL ELECTRIC  1C3CPM1TDK', 'No aplica', '10', '10'),
(254, 'EPORBAT-0001', 'PORTA BATERIAS', 'No aplica', '2', '2'),
(255, 'EPORCAB-0001', 'PORTA CABLE', 'No aplica', '3', '3'),
(256, 'EPORFUS-0001', 'PORTA FUSIBLES', 'No aplica', '6', '6'),
(257, 'EPORCABM-0001', 'PORTACABLE METALICO ', 'No aplica', '19', '19'),
(258, 'EPUECONT-0001', 'PUENTE PARA CONTACTOR', 'No aplica', '1', '1'),
(259, 'EPUECAJ-1525', 'PUERTA DE CAJETIN 15X25', 'No aplica', '2', '2'),
(260, 'EPUECAJ-3535', 'PUERTA DE CAJETIN 35X35', 'No aplica', '1', '1'),
(261, '', 'RAMPLUG AZUL', 'No aplica', '40', '40'),
(262, 'EASFLECT-0001', 'REFLECTOR SIN BOMBILLO GRANDE', 'No aplica', '1', '1'),
(263, 'EREGTAB-0001', 'REGLETA PARA TABLERO', 'No aplica', '3', '3'),
(264, 'ERELAY-0011', 'RELAY KFSPC 11PARA ELEVACION', 'No aplica', '1', '1'),
(265, 'ERELDIG-0001', 'RELOJ CONTADOR DIGITAL', 'No aplica', '2', '2'),
(266, '', 'SELECTOR', 'No aplica', '12', '12'),
(267, 'ESELMEC-0001', 'SELLO MECANICO', 'No aplica', '2', '2'),
(268, 'EOVELOO-0001', 'SOBRECARGA (OVER LOOD)', 'No aplica', '1', '1'),
(269, 'ESOCSEN-0001', 'SOCATE SENCILLO', 'No aplica', '1', '1'),
(270, 'ESUJLAM-0001', 'SUJETADOR GANCHO LATERAL DE LAMPARAS DE TECHO', 'No aplica', '15', '15'),
(271, 'ESWIT-0440', 'SWIT DE ENCENDIDO Y APAGADO 440V', 'No aplica', '3', '3'),
(272, 'ETABELE-0001', 'TABLERO ELECTRICO', 'No aplica', '1', '1'),
(273, '', 'TABLERO GRANDE DE 30 CIRCUITOS CON BREAKERS', 'No aplica', '1', '1'),
(274, '', 'TABLERO ELECTRICO 12 CIRCUITOS', 'No aplica', '1', ''),
(275, 'ETAPCAJ-0001', 'TAPA CAJETIN DE ELECTRICIDAD', 'No aplica', '1', '1'),
(276, 'ETAPCIEME-0001', 'TAPA CIEGA PARA CAJETIN METALICA NUEVA', 'No aplica', '1', '1'),
(277, 'ETAPCIEME-0001', 'TAPA CIEGA PARA CAJETIN METALICA USADA', 'No aplica', '1', '1'),
(278, 'ETAPCAJDO-0001', 'TAPA DE CAJETIN TOMACORRIENTE DOBLE CIM PROTECTOR USADO', 'No aplica', '1', '1'),
(279, 'ETAPELEC-0001', 'TAPA ELECTRICA', 'No aplica', '1', '1'),
(280, 'ETAPCAJSE-0001', 'TAPA METALICA DE CAJETIN INTERRUPTOR SENCILLO USADA', 'No aplica', '1', '1'),
(281, 'ETAPCAJTR-0001', 'TAPA METALICA DE CAJETIN INTERRUPTOR TRIPLE USADA', 'No aplica', '2', '2'),
(282, 'ETAPCONC-0001', 'TAPA PARA CONEXION CONDULEX', 'No aplica', '10', '10'),
(283, 'ETAPTEL-0001', 'TAPA PARA CONEXION DE TELEFONO USADA', 'No aplica', '1', '1'),
(284, 'ETAMINTSE-0042', 'TAPA PARA INTERRUPTOR SENCILLO METALICA NUEVO 4X2', 'No aplica', '1', '1'),
(285, 'ETAMINTSE-0042', 'TAPA PARA INTERRUPTOR SENCILLO METALICA USADA 4X2', 'No aplica', '1', '1'),
(286, 'ETAMINTTR-0042', 'TAPA PARA INTERRUPTOR TRIPLE METALICA NUEVA 4X2', 'No aplica', '2', '2'),
(287, 'ETAPTCDO-0042', 'TAPA PARA TOMA CORRIENTE DOBLE PLASTICO NUEVO 4X2', 'No aplica', '1', '1'),
(288, 'ETAPTCDO-0042', 'TAPA PARA TOMA CORRIENTE DOBLE PLASTICO USADO 4X2', 'No aplica', '16', '16'),
(289, 'ETAMTC-0042', 'TAPA PARA TOMA CORRIENTE METALICA USADA 4X2', 'No aplica', '1', '1'),
(290, 'E', 'Tubo flexible liquid tight 1 PULGADA', 'No aplica', '0', ''),
(291, 'ETATCDO-0001', 'TAPA PARA TOMACORRIENTE DOBLE NUEVAS', 'No aplica', '7', '7'),
(292, 'ETAPPORF-001', 'TAPA PORTA FUSIBLES', 'No aplica', '3', '3'),
(293, 'ETAPONBR-0001', 'TAPONES DE BRONCE ', 'No aplica', '14', '14'),
(294, 'ETEMELEC-0060', 'TEMPORIZADOR ELECTRONICO 60 SEGUNDOS', 'No aplica', '1', '1'),
(295, 'ETERCABM-0012', 'Terminal de cable macho 1/2 PULGADA ', 'No aplica', '4', '4'),
(296, 'ETOMCORDO-0001', 'TOMA CORRIENTE DOBLE  NUEVO', 'No aplica', '1', '1'),
(297, '', 'TOMA CORRIENTE PARA EXTENSION', 'No aplica', '', ''),
(298, 'ETOMCORDO-0001', 'TOMA CORRIENTE DOBLE  USADO', 'No aplica', '2', '2'),
(299, '', 'TORNILLO TIRAFONDO 10', 'No aplica', '40', '40'),
(300, '', 'TUBO CORIGADO 3/4 POR METROS', 'No aplica', '6', '6'),
(301, 'ETUBELEC-0001', 'TUBO DE ELECTRICIDAD', 'No aplica', '1', '1'),
(302, 'ETUBOEMT-0034', 'TUBO EMT 3/4', 'No aplica', '9', '9'),
(303, '', 'TUBO EMT 3/4', 'No aplica', '18', '18'),
(304, 'ETUBOLEW-0001', 'TUBO LEW', 'No aplica', '2', '2'),
(305, 'ETUEEMT-0034', 'TUERCA EMT  3/4 PULGADA ', 'No aplica', '4', '4'),
(306, 'ETUEEMT-0001', 'TUERCA EMT 1  PULGADA ', 'No aplica', '86', '86'),
(307, 'ETUEEMT-0112', 'TUERCA EMT 1 1/2 PULGADA ', 'No aplica', '1', '1'),
(308, 'ETUEEMT-0012', 'TUERCA EMT 1/2', 'No aplica', '3', '3'),
(309, 'ETUEEMT-0002', 'TUERCA EMT 2 ', 'No aplica', '8', '8'),
(310, 'ETURLT-0012', 'TUERCA LIQUID TIGCH 1/2', 'No aplica', '6', '6'),
(311, 'ETURLT-0034', 'TUERCA LIQUID TIGCH 3/4', 'No aplica', '2', '2'),
(312, 'EUNIONLP-0001', 'UNION LINEA DE PINTURA', 'No aplica', '6', '6'),
(313, '', 'VARIADOR DE FRECUENCIA', 'No aplica', '1', ''),
(314, 'EANIHIE-0114', 'ANILLO  1 1/4 PULGADA  HIERRO', 'PIEZA', '3', '3'),
(315, 'EASIPOC-0001', 'ASIENTO DE POCETA CON TAPA ', 'PIEZA', '2', '2'),
(316, 'EASIPOC-0001', 'ASIENTO DE POCETA SIN TAPA ', 'PIEZA', '1', '1'),
(317, 'EBUJE-0012', 'BUJE DE 1/2 PULGADA ', 'PIEZA', '4', '4'),
(318, '', 'CANDADO ANTICIZALLA', 'PIEZA', '', ''),
(319, 'ECANMETP-0001', 'CANILLA METALICA PARA POCETAS NUEVAS', 'PIEZA', '1', '1'),
(320, 'ECANPLAP-0001', 'CANILLA PLASTICAS PARA POCETAS NUEVAS', 'PIEZA', '2', '2'),
(321, 'ECANMETL-0001', 'CANILLAS METALICAS DE LAVAMANOS', 'PIEZA', '1', '1'),
(322, '', 'CEMENTO 42,5 Kg', 'SACOS', '0', ''),
(323, '', 'CEMENTO PLASTICO (EMPEZADO)', 'CUNETE', '1', '1'),
(324, '', 'CERRADURA 45 MM CON 2 LLAVES', 'PIEZA', '0', ''),
(325, '', 'CERRADURA 45 mm CON TRES LLAVES', 'PIEZA', '0', ''),
(326, '', 'CERRADURA DE MORDAZA ', 'PIEZA', '', ''),
(327, 'ECERRPUER-0001', 'CERRADURA PARA PUERTA NUEVA', 'PIEZA', '1', '1'),
(328, 'ECERRPUER-0001', 'CERRADURA PARA PUERTA USADA', 'PIEZA', '8', '8'),
(329, '', 'CINTA DE EMBALAJE', 'PIEZA', '7', '3'),
(330, 'ECODO45-0112', 'CODO 1 1/2 45 GRADOS', 'PIEZA', '7', '7'),
(331, 'ECODO-0012', 'CODO 1/2 PULGADA ', 'PIEZA', '1', '1'),
(332, 'ECODO-0212', 'CODO 2 1/2', 'PIEZA', '2', '2'),
(333, 'ECODO-0034', 'CODO 3/4', 'PIEZA', '3', '3'),
(334, '', 'CODO 3/4 PVC', 'PIEZA', '0', ''),
(335, 'ECODO-0006', 'CODO 6 PULGADA ', 'PIEZA', '2', '2'),
(336, 'ECODHIE-0112', 'CODO DE HIERRO 1 1/2 PULGADA ', 'PIEZA', '1', '1'),
(337, 'ECODHIE-0114', 'CODO DE HIERRO 1 1/4 PULGADA ', 'PIEZA', '6', '6'),
(338, 'ECODHIE-0001', 'CODO DE HIERRO 1PULGADA ', 'PIEZA', '6', '6'),
(339, 'ECODHIE-0002', 'CODO DE HIERRO 2 PULGADA ', 'PIEZA', '10', '10'),
(340, 'ECODHIE-0212', 'CODO DE HIERRO 2PULGADA  1/2 ', 'PIEZA', '2', '2'),
(341, 'ECODHIE-0034', 'CODO DE HIERRO 3/4 PULGADA ', 'PIEZA', '1', '1'),
(342, 'ECODPVC-0002', 'CODO DE PVC 2 PULGADA  PACPOR', 'PIEZA', '5', '5'),
(343, 'ECODRED-0014', 'CODO REDUCCION 1/4', 'PIEZA', '1', '1'),
(344, 'ECODSOLD-0001', 'CODO SOLDABLE 1 PULGADA ', 'PIEZA', '2', '2'),
(345, 'ECONCUR-0001', 'CONEXION CURVA PVC', 'PIEZA', '7', '7'),
(346, 'ECONAGUR-0012', 'CONEXION DE AGUA CON ROSCA 1/2', 'PIEZA', '2', '2'),
(347, 'ECONMAN-0001', 'CONEXIONES PARA MANGUERAS', 'PIEZA', '5', '5'),
(348, 'ECRUHIE-0012', 'CRUZ DE 1/2 HIERRO', 'PIEZA', '1', '1'),
(349, 'EDISCOC-0412', 'DISCO DE CORTE 4 1/2', 'PIEZA', '26', '2'),
(350, 'EDISCOC-0007', 'DISCO DE CORTE 7 ', 'PIEZA', '32', '2'),
(351, 'EDISCOG-0412', 'DISCO DE DESBASTE 4 1/2', 'PIEZA', '4', '12'),
(352, 'EDISCOG-0007', 'DISCO DE DESBASTE 7 ', 'PIEZA', '3', '4'),
(353, 'EDISESM-0001', 'DISCO DE ESMERIL DE ALAMBRE ', 'PIEZA', '2', '2'),
(354, '', 'DISCO DE TRONZADORA 14 PULGADA ', 'PIEZA', '5', '7'),
(355, '', 'DISCO FLAP 4 1/2 PULGADA ', 'PIEZA', '28', '8'),
(356, 'EDISPSAN-0001', 'DISPENSADOR SANITARIO DE TOALLAS DE MANO', 'PIEZA', '1', '1'),
(357, '', 'ENVOPLAST', 'PIEZA', '5', '2'),
(358, 'EEXTCIF-0001', 'EXTENSIONES DE SIFON', 'PIEZA', '2', '2'),
(359, 'EFLOTANTE-0001', 'FLOTANTE NUEVO', 'PIEZA', '1', '1'),
(360, 'EFLOTANTE-0001', 'FLOTANTE USADO', 'PIEZA', '1', '1'),
(361, 'EFLUXMET-0001', 'FLUXOMETRO NUEVO', 'PIEZA', '1', '1'),
(362, '', 'GARRUCHA DOBLE PARA RIEL 2 PULGADA ', 'PIEZA', '0', ''),
(363, '', 'GARRUCHA DOBLE PARA RIEL 1PULGADA ', '', '0', ''),
(364, '', 'GANCHO PARA TECHO 3 X 1 1/2', 'PIEZA', '0', ''),
(365, 'EFLUXMETJ-0002', 'JUEGO DE FLUXOMETRO USADO', 'PIEZA', '0', ''),
(366, 'EHERPOCJ-0001', 'JUEGO DE HERRAJE DE POCETA NUEVO', 'PIEZA', '1', '1'),
(367, 'EJUNTAD-0134', 'JUNTA DRES 1 PULGADA 3/4', 'PIEZA', '1', '1'),
(368, 'EJUNTAD-0112', 'JUNTA DRES 1 1/2', 'PIEZA', '1', '1'),
(369, 'EJUNTAD-0002', 'JUNTA DRES 2 PULGADA ', 'PIEZA', '3', '3'),
(370, 'EJUNTAD-0034', 'JUNTA DRES 3/4', 'PIEZA', '1', '1'),
(371, 'ELAVOJO-0001', 'LAVA OJOS ', 'PIEZA', '1', '1'),
(372, 'ELAVMAN-0001', 'LAVAMANOS', 'PIEZA', '1', '1'),
(373, 'ELLAVARR-0001', 'LLAVE DE ARRETO ', 'PIEZA', '0', '1'),
(374, 'ELLAVLAV-0001', 'LLAVE DE LAVAMANOS', 'PIEZA', '1', '1'),
(375, 'ELLAVPAS-0112', 'LlAVE DE PASO 1 1/2', 'PIEZA', '2', '2'),
(376, 'ELLAVPAS-0004', 'LLAVE DE PASO 4 PULGADA ', 'PIEZA', '1', '1'),
(377, 'ELLAVPLAR-0001', 'LLAVE DE PLASTICO CON ROSCA', 'PIEZA', '1', '1'),
(378, 'ELLAVPLUH-0001', 'LLAVE DE PLUMA DE AGUA DE HIERRO ', 'PIEZA', '1', '1'),
(379, 'ELLAVPLUP-0001', 'LLAVE DE PLUMA PLASTICA', 'PIEZA', '3', '3'),
(380, 'EMANILLAM-0001', 'MANILLA DE METAL USADA', 'PIEZA', '1', '1'),
(381, 'EMANILLAP-0001', 'MANILLA DE PLASTICO USADA', 'PIEZA', '3', '3'),
(382, 'EMANTO-0094', 'MANTO 94MM', 'PIEZA', '3,5', '3 1/2'),
(383, '', 'MANTO ASFALTICO RETAZOS', 'PIEZA', '3', '3'),
(384, 'ENIPLE-0012', 'NIPLE 1/2 PULGADA ', 'PIEZA', '3', '3'),
(385, 'ENIPLLAV-0034', 'NIPLE CON LLAVE DE PASO 3/4 ', 'PIEZA', '1', '1'),
(386, 'ENIPHIE-0114', 'NIPLE DE HIERRO 1 1/4', 'PIEZA', '1', '1'),
(387, 'ENIPHIE-0001', 'NIPLE DE HIERRO 1 PULGADA ', 'PIEZA', '1', '1'),
(388, 'ENIPHIE-0002', 'NIPLE DE HIERRO 2 PULGADA   PVC', 'PIEZA', '3', '3'),
(389, 'ENIPHIE-0034', 'NIPLE DE HIERRO 3/4 PVC', 'PIEZA', '2', '2'),
(390, 'ENIPPLA-0112', 'NIPLE DE PLASTICO 1 1/2', 'PIEZA', '1', '1'),
(391, '', 'PEGA SOLDADURA PARA PVC', 'PIEZA', '0', ''),
(392, 'EPORCNEG-0001', 'PIEZAS DE PORCELANATO COLOR NEGRO', 'PIEZA', '2', '2'),
(393, 'EREDUCCION-0112', 'REDUCCION 1 1/2 A 1/2', 'PIEZA', '2', '2'),
(394, 'EREDUCCION-0134', 'REDUCCION 1 3/4', 'PIEZA', '1', '1'),
(395, 'EREDUCCION-0012', 'REDUCCION 1/2', 'PIEZA', '1', '1'),
(396, '', 'REDUCCION 75X 50', 'PIEZA', '0', ''),
(397, 'EREDCOD-0112', 'REDUCCION CODO 1 1/2 A 1 PULGADA ', 'PIEZA', '2', '2'),
(398, 'EREDSOL-0012', 'REDUCCION DE PVC SOLDABLE 1/2PULGADA ', 'PIEZA', '2', '2'),
(399, 'EREDPLA-0004', 'REDUCION DE PLASTICO PVC 4-1 PULGADA ', 'PIEZA', '1', '1'),
(400, 'EREDUCTOR-0403', 'REDUCTOR U 4-3 PULGADA ', 'PIEZA', '1', '1'),
(401, '', 'REGATONES', 'PIEZA', '900', '900'),
(402, '', 'REJILLA DE BONCE 3 PULGADA ', 'PIEZA', '0', ''),
(403, '', 'REMACHE 1/8', 'PIEZA', '16', '16'),
(404, 'EREPFLUX-0001', 'REPUESTOS VARIOS DE FLUXOMETRO', 'PIEZA', '1', '1'),
(405, 'ERUEPOLF-0001', 'RUEDAS DE POLIURETANO FIJAS', 'PIEZA', '4', '4'),
(406, 'ERUEPOLM-0001', 'RUEDAS DE POLIURETANO MOVIBLES', 'PIEZA', '4', '4'),
(407, 'ERUEDASV-0001', 'RUEDAS DE VARIAS MEDIDAS', 'PIEZA', '3', '3'),
(408, '', 'RUEDAS DE 5 PULGADA  FIJAS', 'PIEZA', '', ''),
(409, '', 'RUEDAS DE 5 PULGADA MOVIBLES', 'PIEZA', '', ''),
(410, 'ECIFON-0001', 'SIFON ', 'PIEZA', '2', '2'),
(411, '', 'SIFON FLEXIBLE', 'PIEZA', '0', ''),
(412, '', 'SILICON GRIS 85 GR', 'PIEZA', '0', '1'),
(413, '', 'SILICON ROJO 75 Gr', 'PIEZA', '1', ''),
(414, 'ESOPRUE-0001', 'SOPORTE PARA RUEDAS', 'PIEZA', '2', '2'),
(415, 'ESOPRECT-0001', 'SOPORTE RECTANGULAR SIN IDENTIFICAR ', 'PIEZA', '6', '6'),
(416, 'ETHIERRO-1121', 'T DE HIERRO 1 1/2 A 1', 'PIEZA', '1', '1'),
(417, 'ETHIERRO-0112', 'T DE HIERRO 1 1/2 PULGADA ', 'PIEZA', '7', '7'),
(418, 'ETHIERRO-0001', 'T DE HIERRO 1PULGADA ', 'PIEZA', '1', '1'),
(419, 'ETHIERRO-0212', 'T DE HIERRO 2 1/2 PULGADA ', 'PIEZA', '2', '2'),
(420, 'ETHIERRO-0002', 'T DE HIERRO 2 PULGADA ', 'PIEZA', '3', '3'),
(421, 'ETHIENIP-0002', 'T DE HIERRO 2 PULGADA  CON NIPLE', 'PIEZA', '3', '3'),
(422, 'ETHIERRO-0034', 'T DE HIERRO 3/4 PULGADA', 'PIEZA', '1', '1'),
(423, 'ETPVC-0001', 'T DE PVC 1 PULGADA ', 'PIEZA', '2', '2'),
(424, '', 'T PVC 3/4', 'PIEZA', '0', ''),
(425, 'ETREDUC-0114', 'T REDUCCION 1 1/4', 'PIEZA', '1', '1'),
(426, 'ETROSCA-0012', 'T ROSCABLE 1/2 PULGADA  PVC', 'PIEZA', '1', '1'),
(427, 'ETSOLDA-0001', 'T SOLDABLE 1 PULGADA ', 'PIEZA', '1', '1'),
(428, 'ETAPAPIS-0001', 'TAPA DE CONTRAPISO', 'PIEZA', '1', '1'),
(429, 'ETAPAGUR-0012', 'TAPON DE AGUA PVC CON ROSCA 1/2', 'PIEZA', '2', '2'),
(430, 'ETAPHEM-0114', 'TAPON HEMBRA 1 1/4', 'PIEZA', '2', '2'),
(431, 'ETAPHEM-0001', 'TAPON HEMBRA 1 PULGADA ', 'PIEZA', '18', '18'),
(432, 'ETAPHEM-0003', 'TAPON HEMBRA 3 PULGADA ', 'PIEZA', '3', '3'),
(433, 'ETAPMAC-0003', 'TAPON MACHO  3 PULGADA ', 'PIEZA', '1', '1'),
(434, '', 'TEFLON', 'ROLLO', '1', '2'),
(435, '', 'TEIPE NEGRO 3M', 'ROLLO', '2', '2'),
(436, '', 'TEIPE ROJO', 'ROLLO', '0', '2'),
(437, '', 'TIRRAP 300 mm PAQUETE', 'PIEZA', '1', '1'),
(438, '', 'TUBO PVC 110 mm X 3 M', 'PIEZA', '0', ''),
(439, '', 'TUBO PVC 6 PULGADA  X 3 M', 'PIEZA', '5', '5'),
(440, '', 'TUBO PVC 3/4 PULGADA ', 'PIEZA', '0', ''),
(441, 'ETUEJUND-1000', 'TUERCA DE JUNTA DRES VARIOS', 'PIEZA', '2', '2'),
(442, 'EUNION-0114', 'UNION 1  1/4', 'PIEZA', '3', '3'),
(443, 'EUNIPVC-0001', 'UNION 1 PULGADA pvc', 'PIEZA', '3', '3'),
(444, 'EUNIONP-0012', 'UNION 1/2 PLASTICO', 'PIEZA', '4', '4'),
(445, 'EUNIPVC-0002', 'UNION 2PULGADA  PVC', 'PIEZA', '3', '3'),
(446, 'EUNION-0001', 'UNION DE 1', 'PIEZA', '1', '1'),
(447, '', 'UNION PVC 3/4 PULGADA ', 'PIEZA', '0', ''),
(448, 'EUNISOL-0001', 'UNION SOLDADBLE 1 PULGADA ', 'PIEZA', '4', '4'),
(449, 'EVALVULA-0001', 'VALVULA CHEK DE 1 PULGADA ', 'PIEZA', '1', '1'),
(450, 'EVALVULA-0004', 'VALVULACHECK DE  4 PULGADA ', 'PIEZA', '1', '1'),
(451, 'EY-4212', 'Y 4-2 1/2', 'PIEZA', '1', '1'),
(452, 'EYPLAST-0212', 'Y DE PVC 2 1/2 ', 'PIEZA', '1', '1'),
(453, 'EYPLAST-0006', 'Y PLASTICA 6 PULGADA ', 'PIEZA', '1', '1'),
(454, '', 'YEE PVC 50 mm', 'PIEZA', '0', ''),
(455, 'EALIELEC-0001', 'ALICATE DE ELECTRICIDAD ROJO', 'PIEZA', '1', '1'),
(456, 'EALIPRES-0001', 'ALICATE DE PRESION DANADO', 'PIEZA', '1', '1'),
(457, '', 'AEROGRAFO', 'PIEZA', '1', '1'),
(458, 'EASPIRAR-0001', 'ASPIRADORA', 'PIEZA', '1', '1'),
(459, '', 'CALIBRADOR 6 PULGADA ', 'PIEZA', '2', '2'),
(460, '', 'CALIBRADOR 6 PULGADA  DIGITAL', 'PIEZA', '1', '1'),
(461, 'ECALIB-0008', 'CALIBRADOR 8 PULGADA ', 'PIEZA', '1', '1'),
(462, 'ECALIB-0008', 'CALIBRADOR 8 PULGADA PARTIDOS SIN VARILLA DE PROFUNDIDAD', 'PIEZA', '3', '3'),
(463, 'ECALIB-0012', 'CALIBRADOR 12 PULGADA ', 'PIEZA', '2', '2'),
(464, 'ECARETA-0001', 'CARETA TRANSPARENTE', 'PIEZA', '4', '4'),
(465, '', 'CSRETA DE SOLDADOR', 'PIEZA', '13', '13'),
(466, 'ECARDINAM-0001', 'CARGADOR DE DINAMOMETRO', 'PIEZA', '1', '1'),
(467, 'ECENPUN-0001', 'CENTRO PUNTO', 'PIEZA', '2', '2'),
(468, 'ECINMET-0005', 'CINTA METRICA 5M ', 'PIEZA', '9', '9'),
(469, 'ECINMET-0005', 'CINTA METRICA 5M ', 'PIEZA', '5', '0'),
(470, 'ECINMET-0008', 'CINTA METRICA 8M ', 'PIEZA', '2', '0'),
(471, 'ECINCORTC-0001', 'CINTA PARA CORTADORA DE CESPED', 'PIEZA', '1', '1'),
(472, '', 'CIZALLA MANUAL', 'PIEZA', '1', '1'),
(473, 'ECORBAL-0001', 'CORTADORA DE BALDOSA', 'PIEZA', '1', '1'),
(474, 'ECUCHALB-0001', 'CUCHARA DE ALBANILERIA', 'PIEZA', '1', '1'),
(475, 'EDADO-0011', 'DADO 11', 'PIEZA', '1', '1'),
(476, 'EDADO-0013', 'DADO 13', 'PIEZA', '2', '2'),
(477, 'EDADO-0014', 'DADO 14', 'PIEZA', '0', '0'),
(478, 'EDADO-0017', 'DADO 17', 'PIEZA', '0', '0'),
(479, 'EDADO-0019', 'DADO 19', 'PIEZA', '0', '0'),
(480, 'EDADO-0021', 'DADO 21', 'PIEZA', '0', '0'),
(481, 'EDADO-0038', 'DADO 3/8', 'PIEZA', '1', '1'),
(482, 'EDADO-0034', 'DADO 34', 'PIEZA', '1', '1'),
(483, 'EDADO-0060', 'DADO 60MM', 'PIEZA', '1', '1'),
(484, 'EDESEST-0001', 'DESTONILLADOR DE ESTRIA', 'PIEZA', '2', '2'),
(485, 'EDESPAL-0001', 'DESTONILLADOR DE PALA', 'PIEZA', '2', '2'),
(486, 'EEQUOXI-0001', 'EQUIPO DE OXICORTE', 'PIEZA', '1', '1'),
(487, '', 'CANA DE EQUIPO DE OXICORTE VIEJO', 'PIEZA', '1', '0'),
(488, 'EEQUPINT-0001', 'EQUIPO DE PINTURA EN POLVO NUEVO', 'PIEZA', '0', '0'),
(489, 'EESCUADRA-0001', 'ESCUADRA', 'PIEZA', '2', '2'),
(490, 'EESCUADRA-3020', 'ESCUADRA 30X20', 'PIEZA', '1', '1'),
(491, 'EESCHER-0001', 'ESCUADRA DE HERRERIA GRANDE SIN MEDIDA', 'PIEZA', '1', '1'),
(492, 'EESMERIL-0412', 'ESMERIL 4 1/2', 'PIEZA', '3', '3'),
(493, '', 'ESMERIL 4 1/2', 'PIEZA', '6', '6'),
(494, 'EESMERIL-0007', 'ESMERIL 7 PULGADA ', 'PIEZA', '1', '1'),
(495, 'EESPATULA-0001', 'ESPATULAS ', 'PIEZA', '2', '2'),
(496, 'EEXTENSION-0001', 'EXTENSION DE ELECTRICIDAD', 'PIEZA', '9', '9'),
(497, '', 'EXTENSION DE ELECTRICIDAD ALQUILER', 'PIEZA', '2', '2'),
(498, 'EESTLLAVP-0001', 'EXTENSION PARA LLAVE PERFILADORA', 'PIEZA', '1', '1'),
(499, 'EESTLLAVRC-0001', 'EXTENSION PARA RATCHE CURVA', 'PIEZA', '1', '1'),
(500, 'EESTLLAVRC-5463', 'EXTENSION PARA RATCHE NRO 5463', 'PIEZA', '1', '1'),
(501, 'EESTLLAVRC-5661', 'EXTENSION PARA RATCHE NRO 5661', 'PIEZA', '1', '1'),
(502, 'EFLEJADORA-0001', 'FLEJADORA PARA FLEJE DEPLASTICO', 'PIEZA', '1', '1'),
(503, 'EFLENEU-0001', 'FLEJADORA NEUMATICA', 'PIEZA', '1', '1'),
(504, '', 'FLEJADORA PARA FLEJE DE METAL', 'PIEZA', '2', '2'),
(505, 'EGANFLE-0001', 'GANCHO DE FLEJADORA DE PLASTICO', 'PIEZA', '2', '2'),
(506, 'EGANFLEM-0001', 'GANCHO PARA FLEJE DE METAL', 'PIEZA', '2', '2'),
(507, '', 'HOJA DE SEGUETA', 'PIEZA', '0', ''),
(508, 'EDADRACJ-0001', 'JUEGO DE DADOS CON RACHE Y EXTENSION ( DADOS NUMERO 12,13,14 ,16,17,18,19,22) 1 C/U', 'JUEGO', '1', '1'),
(509, '', 'JUEGO DE DADOS CON RACHE Y EXTENSION ( DADOS NUMERO 10, 12,13,14 ,16,17,18,19,22) 1 C/U', 'JUEGO', '1', '1'),
(510, 'EROSCADJ-0001', 'JUEGO DE ROSCADORA', 'PIEZA', '1', '1'),
(511, 'ELIMA-0001', 'LIMA', 'PIEZA', '1', '1'),
(512, 'ELLAVAJUS-0001', 'LLAVE AJUSTABLE', 'PIEZA', '1', '1'),
(513, 'EALLEN-0010', 'LLAVE ALLEN 10', 'PIEZA', '7', '7'),
(514, 'EALLEN-0011', 'LLAVE ALLEN 11', 'PIEZA', '1', '1'),
(515, 'EALLEN-0012', 'LLAVE ALLEN 12', 'PIEZA', '1', '1'),
(516, 'EALLEN-0014', 'LLAVE ALLEN 14', 'PIEZA', '7', '7'),
(517, 'EALLEN-0017', 'LLAVE ALLEN 17', 'PIEZA', '1', '1'),
(518, 'EALLEN-0019', 'LLAVE ALLEN 19', 'PIEZA', '5', '5'),
(519, 'EALLEN-0003', 'LLAVE ALLEN 3', 'PIEZA', '7', '7'),
(520, 'EALLEN-0038', 'LLAVE ALLEN 3/8', 'PIEZA', '4', '4'),
(521, 'EALLEN-0004', 'LLAVE ALLEN 4', 'PIEZA', '8', '8'),
(522, 'EALLEN-0005', 'LLAVE ALLEN 5', 'PIEZA', '2', '2'),
(523, 'EALLEN-0516', 'LLAVE ALLEN 5/16', 'PIEZA', '1', '1'),
(524, 'EALLEN-0006', 'LLAVE ALLEN 6', 'PIEZA', '7', '7'),
(525, 'EALLEN-0732', 'LLAVE ALLEN 7-32', 'PIEZA', '1', '1'),
(526, 'EALLEN-0008', 'LLAVE ALLEN 8', 'PIEZA', '32', '32'),
(527, 'ELLAVCOMB-0011', 'LLAVE COMBINADA N11', 'PIEZA', '2', '2'),
(528, 'ELLAVCOMB-0012', 'LLAVE COMBINADA N12', 'PIEZA', '1', '1'),
(529, 'ELLAVCOMB-0013', 'LLAVE COMBINADA 13', 'PIEZA', '1', '1'),
(530, '', 'LLAVE COMBINADA 13', 'PIEZA', '1', '1'),
(531, '', 'LLAVE COMBINADA 13 CON RACHET', 'PIEZA', '1', '1'),
(532, 'ELLAVCOMB-0014', 'LLAVE COMBINADA 14', 'PIEZA', '1', '2'),
(533, 'ELLAVCOMB-0016', 'LLAVE COMBINADA 16', 'PIEZA', '1', '1'),
(534, 'ELLAVCOMB-0017', 'LLAVE COMBINADA 17', 'PIEZA', '2', '2'),
(535, 'ELLAVCOMB-0019', 'LLAVE COMBINADA 19', 'PIEZA', '5', '5'),
(536, 'ELLAVCOMB-0021', 'LLAVE COMBINADA 21', 'PIEZA', '1', '1'),
(537, 'ELLAVCOMB-0022', 'LLAVE COMBINADA 22', 'PIEZA', '1', '1'),
(538, '', 'LLAVE COMBINADA 22', 'PIEZA', '1', '1'),
(539, 'ELLAVCOMB-2122', 'LLAVE COMBINADA 21-22', 'PIEZA', '35', '35'),
(540, 'ELLAVCOMN-0024', 'LLAVE COMBINADA NRO 24', 'PIEZA', '3', '3'),
(541, '', 'LLAVE COMBINADA NRO 25', 'PIEZA', '2', '2'),
(542, 'ELLAVCOMN-0024', 'LLAVE COMBINADA NRO 24 PARTIDA', 'PIEZA', '1', '1'),
(543, 'ELLAVCOMN-0030', 'LLAVE COMBINADA 30', 'PIEZA', '4', '4'),
(544, 'ELLAVCOMN-0046', 'LLAVE COMBINADA 46MM', 'PIEZA', '1', '1'),
(545, 'ELLAVCOMN-0916', 'LLAVE COMBINADA 9/16', 'PIEZA', '1', '1'),
(546, 'ELLAVESME-0001', 'LLAVE DE ESMERIL 19 mm', 'PIEZA', '5', '5'),
(547, '', 'LLAVE DE ESMERIL 17 mm', 'PIEZA', '7', '8'),
(548, '', 'LLAVE DE ESMERIL 21 mm', 'PIEZA', '1', '1'),
(549, '', 'LLAVE DE ESMERIL 22 mm', 'PIEZA', '2', '2'),
(550, 'ELLAVGANC-0001', 'LLAVE DE GANCHO 68-75', 'PIEZA', '1', '1'),
(551, '', 'LLAVE DE GANCHO 95- 100', 'PIEZA', '1', '1'),
(552, '', 'LLAVE DE GANCHO 40-42', 'PIEZA', '1', '1'),
(553, '', 'LLAVE DE GANCHO 78-85', 'PIEZA', '1', '1'),
(554, '', 'LLAVE DE GANCHO', 'PIEZA', '1', '1'),
(555, '', 'LLAVE DE TRONZADORA 17 mm', 'PIEZA', '5', '5'),
(556, 'ELLAVTUB-0012', 'LLAVE DE TUBO 12 PULGADA ', 'PIEZA', '1', '1'),
(557, 'ELLAVTUB-0024', 'LLAVE DE TUBO 24 PULGADA ', 'PIEZA', '1', '1'),
(558, 'ELLAVTUB-0036', 'LLAVE DE TUBO 36 PULGADA ', 'PIEZA', '1', '1'),
(559, 'ELLAVTUE-0001', 'LLAVE DE TUERCA 1 PULGADA ', 'PIEZA', '2', '2'),
(560, 'ELLAVTUE-0118', 'LLAVE DE TUERCA 1 1/8', 'PIEZA', '2', '2'),
(561, 'ELLAVTUE-1516', 'LLAVE DE TUERCA 15/16', 'PIEZA', '1', '1'),
(562, 'ELLAVTUE-0038', 'LLAVE DE TUERCA 1 3/8', 'PIEZA', '1', '1'),
(563, 'ELLAVTUE-0035', 'LLAVE DE TUERCA 35', 'PIEZA', '1', '1'),
(564, 'ELLAVTUE-0036', 'LLAVE DE TUERCA 36', 'PIEZA', '1', '1'),
(565, 'ELLAVTUE-0050', 'LLAVE DE TUERCA 50', 'PIEZA', '1', '1'),
(566, 'ELLAVTUE-3032', 'LLAVE DE TUERCA30X32', 'PIEZA', '1', '1'),
(567, 'EMALCED-0001', 'MALLA DE CEDAZO', 'PIEZA', '1', '1'),
(568, 'EMANDAR-0001', 'MANDARRIA', 'PIEZA', '2', '2'),
(569, 'EMARTILLO-0004', 'MARTILLO ', 'PIEZA', '4', '4'),
(570, 'EMARTMP-0001', 'MARTILLO CON MANGO DE PLASTICO', 'PIEZA', '1', '1'),
(571, 'EMARTBMM-0001', 'MARTILLO DE BOLA CON MANGO DE MADERA ', 'PIEZA', '3', '3'),
(572, 'EMARTRUD-0001', 'MARTILLO RUDIMENTARIO ', 'PIEZA', '15', '15'),
(573, 'EMARTGOM-0001', 'MARTILLOS DE GOMA', 'PIEZA', '4', '4'),
(574, '', 'MATRIZ Y PUNZON', '', '', ''),
(575, '', 'MECHA DE CONCRETO 1 PULGADA ', 'PIEZA', '1', '1'),
(576, '', 'MECHA DE CONCRETO 13 MM', 'PIEZA', '2', '2'),
(577, '', 'MECHA DE CONCRETO 3/8 PULGADA ', 'PIEZA', '2', '2'),
(578, '', 'MECHA DE CONCRETO 12 mm', 'PIEZA', '2', '2'),
(579, 'EMECHACON-0058', 'MECHA DE CONCRETO 5/8', 'PIEZA', '1', '1'),
(580, 'EMECHACON-0065', 'MECHA DE CONCRETO 6.5', 'PIEZA', '3', '3'),
(581, 'EMECHAMET-0012', 'MECHA DE METAL 1/2', 'PIEZA', '1', '1'),
(582, '', 'MECHA DE METAL 18 MM', 'PIEZA', '1', '1'),
(583, 'EMECHAMET-0038', 'MECHA DE METAL 3/8', 'PIEZA', '4', '4'),
(584, 'EMECHAMET-0008', 'MECHA DE METAL 8MM', 'PIEZA', '1', '1'),
(585, 'ENIVELG-0001', 'NIVEL DE GOTAS', 'PIEZA', '3', '3'),
(586, '', 'PALANQUIN DE 1/4', 'PIEZA', '1', '1'),
(587, '', 'PALANQUIN DE 1/2', 'PIEZA', '1', '1'),
(588, 'ETIRRAJE-0001', 'PAQUETE DE TIRRAJE', 'PIEZA', '1', '1'),
(589, 'EPETOJARD-0001', 'PETO PARA JARDINERIA', 'PIEZA', '1', '1'),
(590, 'EPICO-0001', 'PICO', 'PIEZA', '1', '1'),
(591, 'EPIEDESM-0001', 'PIEDRA DE ESMERIL PARA CONCRETO USADA', 'PIEZA', '1', '1'),
(592, 'EPINZALI-0001', 'PINZA DE ALICATE PLANA', 'PIEZA', '5', '5'),
(593, '', 'PINZA DE ALICATE DE GANCHO', 'PIEZA', '3', '3'),
(594, 'EPINZAHER-0001', 'PINZAS DE HERRERIA RUDIMENTARIA', 'PIEZA', '1', '1'),
(595, 'EPIQUETA-0001', 'PIQUETA ', 'PIEZA', '3', '3'),
(596, '', 'PIQUETA', 'PIEZA', '2', '2'),
(597, 'EPIQRUD-0001', 'PIQUETA DE HERRERO RUDIMENTARIA', 'PIEZA', '3', '3'),
(598, 'EPIQJAR-0001', 'PIQUETA DE JARDINERIA', 'PIEZA', '1', '1'),
(599, 'EPISTCART-0001', 'PISTOLA PARA CARTUCHO', 'PIEZA', '1', '1'),
(600, 'EPRENSA-0001', 'PRENSAS', 'PIEZA', '3', '3'),
(601, 'EPROTFJARD-0001', 'PROTECTOR FACIAL PARA JARDINERIA', 'PIEZA', '1', '1'),
(602, 'EPULIDORA-0001', 'PULIDORA', 'PIEZA', '1', '1'),
(603, '', 'PULIDORA DANADA', 'PIEZA', '1', '1'),
(604, 'EPUNZON-0001', 'PUNZON ', 'PIEZA', '2', '2'),
(605, 'ERACHE-0001', 'RATCHE', 'PIEZA', '0', ''),
(606, 'EREMACH-0001', 'REMACHADORA ', 'PIEZA', '1', '1'),
(607, 'ESARGENTO-0001', 'SARGENTO', 'PIEZA', '2', '2'),
(608, 'ESEGUETA-0001', 'SEGUETA NUEVA', 'PIEZA', '0', ''),
(609, 'ESEGUETA-0001', 'SEGUETA USADA', 'PIEZA', '1', '1'),
(610, 'ESEPAR-0001', 'SEPARADORES', 'PIEZA', '4', '4'),
(611, 'ESERRUC-0001', 'SERRUCHO', 'PIEZA', '1', '1'),
(612, 'ESINCEL-0001', 'CINCEL', 'PIEZA', '4', '4'),
(613, 'ETALADRO-0001', 'TALADRO ', 'PIEZA', '1', '1'),
(614, 'ETIJJARD-0001', 'TIJERA DE JARDINERIA', 'PIEZA', '1', '1'),
(615, 'ETEJLAM-0001', 'TIJERA PARA CORTAR LAMINAS', 'PIEZA', '2', '2'),
(616, 'ETIJMET-0001', 'TIJERA PARA FLEJE DE METAL', 'PIEZA', '2', '2'),
(617, '', 'TRONZADORA', 'PIEZA', '5', '5'),
(618, '', 'MAQUINA DE SOLDAR MIG DANADA', 'PIEZA', '1', '1'),
(619, '', 'MAQUINA DE SOLDAR MIG  ', 'PIEZA', '5', '5'),
(620, '', 'DINAMOMETRO DE 3 TONELADAS', 'PIEZA', '1', '1'),
(621, '', 'BALANZA ( PESO ) ', 'PIEZA', '1', '1'),
(622, 'EAVIPRE-0001', 'AVISO DE PRECAUCION (PISO MOJADO)', 'PIEZA', '1', '1'),
(623, 'EALCOHOL-0001', 'ALCOHOL', 'LITRO', '0,15', '1,5'),
(624, '', 'ASERRIN', 'TOBO', '0,5', '2'),
(625, '', 'ACEITE QUEMADO', 'PIPA', '7,5', ''),
(626, 'EBOLSAS-0200', 'BOLSAS PLASTICAS NEGRAS DE 200 LTS', 'PIEZA', '4', '8'),
(627, '', 'BOLSAS PLAST  BASURA TRANSPARENTES 200 LITROS ', 'PIEZA', '2', '2'),
(628, 'EBOLSAS-0100', 'BOLSAS PLASTICAS DE PAPELERA', 'PIEZA', '74', '74'),
(629, 'ECEPILLOG-0001', 'CEPILLO PARA BARRER GRANDE SIN PALO ', 'PIEZA', '2', '2'),
(630, '', 'CEPILLO PARA BARRER ', 'PIEZA', '1', '3'),
(631, 'ECLORO-0001', 'CLORO', 'LITROS', '36', '21'),
(632, 'ECOLETO-0001', 'COLETO', 'PIEZA', '2', '2'),
(633, 'EDESENGRA-0001', 'DESENGRASANTE', 'LITRO', '0,1', '0,5'),
(634, 'EDESINFEC-0001', 'DESINFECTANTE ', 'LITRO', '20', '23'),
(635, 'EJABONLIQ-0001', 'JABON  LIQUIDO', 'LITRO', '15,35', '3'),
(636, 'EMOPACOL-0001', 'MOPA DE COLETO', 'PIEZA', '1', '2'),
(637, 'EPALA-0001', 'PALA VERTICAL DE PLASTICO', 'PIEZA', '1', '1'),
(638, 'EPAPELH-0001', 'PAPEL HIGIENICO', 'UNIDAD', '0', '0'),
(639, 'EPAPELHI-0001', 'PAPEL HIGIENICO INDUSTRIAL', 'UNIDAD', '16', '15'),
(640, '', 'PORTAMOPAS', '', '1', ''),
(641, '', 'ESPONJA', 'PIEZA', '22,25', '20'),
(642, 'EACEITE-0068', 'ACEITE 68', 'LITRO', '10', '20'),
(643, 'EACECOP-0001', 'ACEITE PARA COMPRESORES', 'CUNETE', '0,75', '0,75'),
(644, 'EACETRANS-0001', 'ACEITE PARA TRANSMISIONES MANUALES 85 W40', 'LITROS', '15', '15'),
(645, 'EACEITE-0001', 'ACEITE SIN IDENTIFICACION', 'LITROS', '6', '6'),
(646, 'EACESOL-0001', 'ACEITE SOLUBLE PARA TORNO', 'CUNETE', '2', '2'),
(647, 'EACESOL-0002', 'ACEITE SOLUBLE PARA TORNO', 'LITROS', '0', '2'),
(648, 'EGRASACH-0001', 'GRASA PARA CHASIS', 'CUNETE', '2', '2'),
(649, 'EPEGAZ-0001', 'PEGA COLA AMARILLA', 'GALON', '1', '1'),
(650, '', 'KELKOBOND 28 FOSFATO', 'LITROS', '200', '0'),
(651, 'EMANGAZU-0010', 'MANGUERA 10MM COLOR AZUL', 'METRO', '', '1'),
(652, 'EMANGNEG-0004', 'MANGUERA 4MM COLOR NEGRO', 'METRO', '', '1,5'),
(653, 'EMANGAZU-0006', 'MANGUERA 8 X 5 MM COLOR AZUL', 'METRO', '', '3'),
(654, 'EMANGNEG-0006', 'MANGUERA 6MM COLOR NEGRO', 'METRO', '', '2'),
(655, 'EMANGTRA-0008', 'MANGUERA 8MM COLOR TRANSPARENTE', 'METRO', '', '4'),
(656, 'EMANAIRR-0012', 'MANGUERA DE AIRE 1/2 COLOR ROJO', 'METRO', '', '1'),
(657, 'EMANAIRR-0012', 'MANGUERA DE AIRE 1/2 COLOR ROJO USADA', 'METRO', '', '1,5'),
(658, 'EMANAIRN3-0014', 'MANGUERA DE AIRE 1/4 COLOR NEGRO 300 PSI', 'METRO', '', '25'),
(659, 'EMANAIRN58-0014', 'MANGUERA DE AIRE 1/4 COLOR NEGRO 5800 PSI', 'METRO', '', '2'),
(660, 'EMANAIRR-0014', 'MANGUERA DE AIRE 1/4 COLOR ROJO USADA', 'METRO', '', '3,5'),
(661, 'EMANAIRR-0516', 'MANGUERA ROJADE AIRE 5/16 300 PSI (NUEVA)', 'METRO', '', '3,5'),
(662, 'EMANGAIROX-0200', 'MANGUERA DE AIRE DOBLE 1/4 PARA EQUIPO DE EXICORTE 200 PSI COLORES ROJO Y VERDE', 'METRO', '', '10'),
(663, 'EMANFLEP-0001', 'MANGUERA FLEXIBLE 1 pulgada  DE PLASTICO COLOR GRIS', 'METRO', '', '1'),
(664, 'EMANFLEM-0001', 'MANGUERA FLEXIBLE 1 pulgada  METALICA COLOR GRIS NUEVA', 'METRO', '', '0'),
(665, 'EMANFLEP-0001', 'MANGUERA FLEXIBLE 1 pulgada  METALICA COLOR GRIS USADA', 'METRO', '', '2'),
(666, 'EMANFLEPG-0001', 'MANGUERA FLEXIBLE CMT DE PLASTICO COLOR GRIS', 'METRO', '', '2'),
(667, 'EMANFLEG-0001', 'MANGUERA FLEXIBLE LIQUID TIGCH 1 pulgada  COLOR GRIS', 'METRO', '', '2,5'),
(668, 'EMANFLEM-0012', 'MANGUERA FLEXIBLE METALICA 1/2 USADA COLOR GRIS', 'METRO', '', '70'),
(669, 'EMANFLEMG-0012', 'MANGUERA FLEXIBLE MT 1/2 COLOR GRIS', 'METRO', '', '4'),
(670, 'EMANHID-0012', 'MANGUERA HIDRAULICA 1/2 COLOR NEGRO', 'METRO', '', '1'),
(671, 'EMANLTG-0012', 'MANGUERA LIQUID TIGCH 1/2 COLOR GRIS', 'METRO', '', '9,5'),
(672, 'EMANLTG-0012', 'MANGUERA LIQUID TIGCH 1/2 COLOR GRIS USADA', 'METRO', '', '2'),
(673, 'EMANLT-0002', 'MANGUERA LIQUID TIGCH 2 pulgada ', 'METRO', '', '4,4'),
(674, 'EMANLTG-0034', 'MANGUERA LIQUID TIGCH 3/4 COLOR GRIS', 'METRO', '', '2,6'),
(675, 'EMANMETG-0034', 'MANGUERA METALICA 3/4 COLOR GRIS USADA', 'METRO', '', '1,5'),
(676, 'EMANACEN-0014', 'MANGUERA PARA ACEITE 1/4 COLOR NEGRO 250 PSI', 'METRO', '', '2,8'),
(677, 'EMANACEN-0038', 'MANGUERA PARA ACEITE 3/8 COLOR NEGRO', 'METRO', '', '1'),
(678, 'EMANAGUT-0012', 'MANGUERA PARA AGUA 1/2 COLOR TRANSPARENTE USADA', 'METRO', '', '8,8'),
(679, 'EMANAGUV-0012', 'MANGUERA PARA AGUA 1/2 COLOR VERDE', 'METRO', '', '4,5'),
(680, 'EMANRIE-0034', 'MANGUERA PARA RIEGO 3/4', 'METRO', '', '17'),
(681, 'EMANHINE-0020', 'MANGUERAS CON CONEXIONES HIDRAULICAS Y NEUMATICAS20M', 'METRO', '', '20'),
(682, '', 'MANGUERA ROJA 5/16  CON CONEXIONES', 'METRO', '', '20'),
(683, 'EACCASP-0001', 'ACCESORIOS DE ASPERSOR USADO', 'PIEZA', '62', '62'),
(684, 'EACEITERA-0001', 'ACEITERA', 'PIEZA', '1', '1'),
(685, 'EALTERNAD-0001', 'ALTERNADOR', 'PIEZA', '1', '1'),
(686, 'EAROSDOB-0001', 'AROS DE DOBLADORA CHINA', 'PIEZA', '2', '2'),
(687, 'EARRANQUE-0001', 'ARRANQUE PARA MONTACARGAS', 'PIEZA', '1', '1'),
(688, 'EASPMET-0001', 'ASPA METALICA PARA MOTOR DE VENTILACION', 'PIEZA', '1', '1'),
(689, 'EASPERSLP-0001', 'ASPERSOR LINEA DE PINTURA', 'PIEZA', '7', '7'),
(690, 'EBARBRO-8041', 'BARRA DE BRONCE 80MMX41CM', 'PIEZA', '1', '1'),
(691, 'EBARBRO-8052', 'BARRA DE BRONCE 80MMX52CM', 'PIEZA', '1', '1'),
(692, 'EBARHIE-5722', 'BARRA DE HIERRO 57MMX22CM', 'PIEZA', '1', '1'),
(693, 'EBARRAPOL-0001', 'BARRA DE POLIURETANO 1 pulgada ', 'PIEZA', '1', '1'),
(694, 'EBARRAPOL-0002', 'BARRA DE POLIURETANO 2 pulgada ', 'PIEZA', '1', '1'),
(695, 'EBASTEL-0001', 'BASE DE TELEVISOR', 'PIEZA', '1', '1'),
(696, 'EVALVULAD-0001', 'BENDIX DE ARRANQUE', 'PIEZA', '1', '1'),
(697, 'EVALVLGW-0001', 'BIMETAL PARA MICROONDAS', 'PIEZA', '1', '1'),
(698, 'EBOBINA-0001', 'BOBINA', 'PIEZA', '5', '5'),
(699, 'EBOBCAP-0001', 'BOBINA CAPTADORAS', 'PIEZA', '3', '3'),
(700, 'EBOMBAGU-0001', 'BOMBA DE AGUA CON PROTECTOR USADA', 'PIEZA', '1', '1'),
(701, 'EBIMMIC-0001', 'BOQUILLAS PARA PISTOLA EQUIPO DE PINTURA EN POLVO', 'PIEZA', '35', '35'),
(702, 'ECABLEQP-0001', 'CABLE DE QUEMADOR DE PINTURA ', 'PIEZA', '1', '1'),
(703, 'ECABQP-2303', 'CABLE DE QUEMADOR DE PINTURA 2303101118', 'PIEZA', '6', '6'),
(704, 'ECADENA-0001', 'CADENA', 'PIEZA', '2', '2'),
(705, 'EREPGRUA-0001', 'CAJA CON REPUESTOS DE GRUA VARIOS', 'PIEZA', '1', '1'),
(706, 'EGRAIND-0001', 'CAJA DE GRAPAS INDUSTRIALES', 'CAJA', '1', '1'),
(707, 'EGUAYASEU-0001', 'CAJA DE GUAYAS DE EQUIPO USADO', 'PIEZA', '1', '1'),
(708, 'EREPEPU-0001', 'CAJA DE REPUESTOS DE EQUIPO DE PINTURA USADO', 'PIEZA', '1', '1'),
(709, 'EREPMU-0001', 'CAJA DE REPUESTOS DE MAQUINA USADO', 'UNIDAD', '1', '1'),
(710, 'EREPVOL-0001', 'CAJA DE REPUESTOS DE VOLKSWAGEN', 'UNIDAD', '1', '1'),
(711, 'EREPVAR-0001', 'CAJA DE REPUESTOS USADOS', 'UNIDAD', '1', '1'),
(712, 'EREPCAT-0001', 'CAJA DE REPUESTOS VARIOS CATANEO', 'UNIDAD', '1', '1'),
(713, 'EREPMP-0001', 'CAJA DE REPUESTOS VARIOS DE MAQUINA DE PINTURA', 'UNIDAD', '1', '1'),
(714, 'ECAPMDF-0008', 'CAPACITOR 8 MFD', 'PIEZA', '5', '5'),
(715, 'ECAPACAA-0324', 'CAPACITOR MULTIPROPOSITO PARA AIRE ACONDICIONADO 324 MF', 'PIEZA', '1', '1'),
(716, 'ECAPACMO-0001', 'CAPACITOR PARA MICROONDAS', 'PIEZA', '1', '1'),
(717, 'ECARESM-0001', 'CARBONES DE ESMERIL', 'PIEZA', '2', '2'),
(718, 'ECARESM-0004', 'CARBONES PARA ESMERIL 4 pulgada ', 'PIEZA', '0', '3'),
(719, 'ECARESM-0007', 'CARBONES PARA ESMERIL 7 pulgada ', 'PIEZA', '9', '9'),
(720, 'ECARENG-0001', 'CARCAZA DE ENGRANAJE', 'PIEZA', '1', '1'),
(721, 'ECEPLP-0001', 'CEPILLO LIMPIA PARABRISA USADO', 'PIEZA', '1', '1'),
(722, 'ECILNEU-0001', 'CILINDRO NEUMATICO', 'PIEZA', '1', '1'),
(723, 'ECONECTORW-2153', 'CONECTOR WEISHAUPT 2153001 NUEVO', 'PIEZA', '3', '3'),
(724, 'ECONECTORR-0001', 'CONECTORES DE RACOR RECTO', 'PIEZA', '6', '6'),
(725, 'EELECPUNT-0090', 'CONECTORES RACORES DE MAQUINA ELECTROPUNTO 90 GRADOS', 'PIEZA', '12', '12'),
(726, 'EVALVREG-0001', 'CONEXION PARA MANGUERA DE AIRE', 'PIEZA', '1', '1'),
(727, 'ECONMAN-0001', 'CONEXIONES PARA MANGUERAS USADO', 'PIEZA', '3', '3'),
(728, 'ECORNETA-0001', 'CORNETA', 'PIEZA', '1', '1'),
(729, 'ECORREA15-0380', 'CORREA 15380', 'PIEZA', '1', '1'),
(730, 'ECORREAH-0300', 'CORREA 300H', 'PIEZA', '1', '1'),
(731, 'ECORREAHR-6108', 'CORREA HR76108', 'PIEZA', '1', '1'),
(732, 'ECOBATE-0001', 'CORREDERA BASE DE TELEVISOR', 'PIEZA', '4', '4'),
(733, 'EDEXANT-0001', 'DEXOXIDANTE Y ANTIOXIDANTE 1,350 LITROS', 'LITRO', '3', '3'),
(734, 'ECODRECP-0001', 'DIODO RECTIFICADOR DE POTENCIA', 'PIEZA', '4', '4'),
(735, 'EELECTLP23-2100', 'ELECTRODOS PARA LINEA DE PINTURA 232100', 'PIEZA', '9', '9'),
(736, 'EELECTLP23-2200', 'ELECTRODOS PARA LINEA DE PINTURA 232200', 'PIEZA', '7', '7'),
(737, 'EENGRA32-0250', 'ENGRANAJE 300X250X32', 'PIEZA', '2', '2'),
(738, 'EENGRA60-0001', 'ENGRANAJE 60 DE DIAMETRO', 'PIEZA', '2', '2'),
(739, 'EESTOPERA-0001', 'ESTOPERAS(VARIAS PIEZAS)', 'PIEZA', '7', '7'),
(740, 'EFARMON-0001', 'FARO DE MONTACARGA', 'PIEZA', '2', '2');
INSERT INTO `productos` (`IdProducto`, `CodProducto`, `Instancia`, `UMedida`, `Total`, `TotalContada`) VALUES
(741, 'EFILTROA-3593', 'FILTRO DE ACEITE 3593', 'PIEZA', '1', '1'),
(742, 'EFILTROA-3614', 'FILTRO DE ACEITE 3614', 'PIEZA', '2', '2'),
(743, 'EFILTROAAF-4558', 'FILTRO DE ACEITE AF4558', 'PIEZA', '2', '2'),
(744, 'EFILTROACA-0001', 'FILTRO DE ACEITE PARA COPRESOR DE AIRE', 'PIEZA', '2', '2'),
(745, 'EFILTAIR-1559', 'FILTRO DE AIRE 1559418 NUEVO', 'PIEZA', '1', '1'),
(746, 'EFILTAIR-4054', 'FILTRO DE AIRE LF 4054', 'PIEZA', '1', '1'),
(747, 'EFILTAIR-0001', 'FILTRO DE AIRE NUEVO SIN IDENTIFICACION', 'PIEZA', '5', '5'),
(748, 'EFILTAIRC-0001', 'FILTRO DE AIRE PARA COMPRESOR', 'PIEZA', '2', '2'),
(749, 'EFILTAIR-0002', 'FILTRO DE AIRE USADO', 'PIEZA', '1', '1'),
(750, 'EFILTROLP-0001', 'FILTRO DE LINEA DE PINTURA SIN IDENTIFICACION USADO', 'PIEZA', '4', '4'),
(751, 'EFILTMONT-0031', 'FILTRO PARA MONTACARGAS MC31', 'PIEZA', '1', '1'),
(752, 'EFILTROW4-2222', 'FILTRO WIX 42222', 'PIEZA', '3', '3'),
(753, 'EFORCAU-0001', 'FORRO DE CAUCHO DE VEHICULO', 'PIEZA', '1', '1'),
(754, 'EGATHID-0001', 'GATO HIDRAULICO', 'PIEZA', '0', '0'),
(755, 'EGOMCUA-3434', 'GOMA CUADRADA 3/4X3/4X1M', 'PIEZA', '1', '1'),
(756, 'EGOMPROT-0001', 'GOMAS PROTECTORAS', 'PIEZA', '2', '2'),
(757, '', 'GRASERA NUEVA', 'PIEZA', '1', '1'),
(758, 'EGRICOM-0316', 'GRILLETE COMERCIAL 3/16', 'PIEZA', '125', '125'),
(759, 'EACPIEL-0001', 'JUEGO DE ACCESORIOS PARA PISTOLA DE PINTURA ELECTROSTATICA', 'CAJA', '0', '0'),
(760, 'EBORBAT-0001', 'JUEGO DE BORNES PARA BATERIA', 'PIEZA', '1', '1'),
(761, 'EENGRAN-0001', 'JUEGO DE ENGRANAJE ', 'PIEZA', '1', '1'),
(762, 'ELINPIN100-2028', 'LINEA DE PINTURA 1002028', 'PIEZA', '4', '4'),
(763, '', 'MANGUERA CON RACORES', 'PIEZA', '1', '1'),
(764, 'EMANDOB-0001', 'MANOMETRO DE DOBLADORA USADO', 'PIEZA', '1', '1'),
(765, 'EMANPREAI-0001', 'MANOMETRO DE PRESION DE AIRE', 'PIEZA', '1', '1'),
(766, 'EBENARR-0001', 'MANOMETRO RELOJ DE 0 A 200 PSI DE 2 PULGADA  URG (NUEVO)', 'PIEZA', '2', '2'),
(767, 'EMIPSAP-0402', 'MIC 4H2 SAP', 'PIEZA', '3', '3'),
(768, 'EMICATRA-0001', 'MICA TRASERA', 'PIEZA', '2', '2'),
(769, 'EMIGLIN-0001', 'MIG LINCON', 'PIEZA', '1', '1'),
(770, 'EMODULO-0521', 'MODULO 05210030', 'PIEZA', '0', '0'),
(771, 'EMODULOB-0001', 'MODULO BERGER LAHR 77901 USADO', 'PIEZA', '6', '6'),
(772, 'EMODULOB-0001', 'MODULO BERGES NUEVO', 'PIEZA', '0', '0'),
(773, 'EMQUEPINT-0001', 'MODULO DE QUEMADOR DE PINTURA', 'PIEZA', '1', '1'),
(774, 'EMODULOD-0001', 'MODULO DUNGS', 'PIEZA', '0', '0'),
(775, 'EMODULOGE-3545', 'MODULO GENERAL ELECTRIC IC3645CPMIRDA2', 'PIEZA', '2', '2'),
(776, 'EMODULOW-0002', 'MODULO WEISHAUPT', 'PIEZA', '1', '1'),
(777, 'EMOTARR-0001', 'MOTOR ARRASTE DE ALAMBRE', 'PIEZA', '1', '1'),
(778, '', 'MOTOR ELECTRICO 10 HP 440 V', 'PIEZA', '', ''),
(779, 'EMOTVEN-0001', 'MOTOR DE VENTILACION 1 HP USADO', 'PIEZA', '1', '1'),
(780, 'EMOTVEN-0125', 'MOTOR DE VENTILACION 1.25 HP USADO', 'PIEZA', '1', '1'),
(781, 'EMOTVEN-0034', 'MOTOR DE VENTILACION 3/4 HP USADO', 'PIEZA', '1', '1'),
(782, 'EMOTVEN-0005', 'MOTOR DE VENTILACION 5V USADO', 'PIEZA', '1', '1'),
(783, 'EMUECABQ-0001', 'MUESTRA DE CABLE DE QUEMADOR', 'PIEZA', '0', '1'),
(784, 'MUEELEC-0001', 'MUESTRA DE ELECTRODOS', 'PIEZA', '2', '2'),
(785, 'ERINGASP-0001', 'ORING PARA ASPERSOR USADO', 'PIEZA', '102', '104'),
(786, 'EPANTALLA-0300', 'PANTALLA 660300 USADA', 'PIEZA', '2', '2'),
(787, 'EPANTALLA-0001', 'PANTALLA USADA (PERFILADORA)', 'PIEZA', '1', '1'),
(788, 'EPEDMAQ-0001', 'PEDALES DE MAQUINA (PRENSA Y DOBLADORA)', 'PIEZA', '3', '3'),
(789, 'EELECVALV-0001', 'PIEZAS DE INTERRUPTORES -TERMICOS, ELECTROVALVULA, POTENCIOMETRO', 'PIEZA', '21', '21'),
(790, 'EBIMMIC-0001', 'PISTOLA GEMA USADA PARA EQUIPO DE PINTURA EN POLVO USADA', 'PIEZA', '1', '1'),
(791, 'EPISELEC-0001', 'PISTOLA PARA PINTURA ELECTROSTATICA', 'PIEZA', '1', '1'),
(792, 'EPISTONA-4486', 'PISTONA 44X86X6.5', 'PIEZA', '20', '20'),
(793, 'EPLABAS-0001', 'PLACA BASE SAP', 'PIEZA', '1', '1'),
(794, 'EPLABAS-0004', 'PLACA BASE SAR 4HD', 'PIEZA', '1', '1'),
(795, '', 'PLANCHA 150 X 150 mm PARA PERFORAR EN EL TALLER', '', '0', ''),
(796, '', 'PRENSA DE 6 PULGADA ', 'PIEZA', '1', '1'),
(797, 'EPUNZON-0001', 'PUNZON', 'PIEZA', '1', '1'),
(798, 'EPUNZMAT-0001', 'PUNZON MATRIZ', 'PIEZA', '3', '3'),
(799, 'EFILTAIRC-0002', 'REGULADOR DE AIRE COMPRESOR', 'PIEZA', '10', '10'),
(800, 'ERESPFILTA-0001', 'REPUESTO PARA FILTRO DE AGUA', 'PIEZA', '1', '1'),
(801, 'ERESPELEC-0001', 'REPUESTOS ELECTRONICOS', 'PIEZA', '4', '4'),
(802, 'EREPMAQ-0001', 'REPUESTOS VARIOS DE MAQUINA SIN IDENTIFICAR (USADOS)', 'PIEZA', '2', '2'),
(803, 'ERESIST-0001', 'RESISTENCIA SHUMT', 'PIEZA', '1', '1'),
(804, 'ERESORT-0001', 'RESORTE 331651', 'PIEZA', '1', '1'),
(805, 'ERESORTVM-0001', 'RESORTE VARIAS MEDIDAS', 'PIEZA', '20', '20'),
(806, 'EMECMOT-0001', 'ROLLO DE MECHA PARA CUBRIR MOTOR', 'PIEZA', '1', '1'),
(807, 'ESCRSAP-0001', 'SCR ESAB', 'PIEZA', '2', '2'),
(808, 'ESCRLIN-0001', 'SCR LINCOLN', 'PIEZA', '1', '1'),
(809, '', 'SELLO MECANICO 1 1/4', 'PIEZA', '1', '1'),
(810, 'ESEPCOP-0001', 'SEPARADOR PARA COPRESOR', 'PIEZA', '2', '2'),
(811, 'ESEPARAD-0001', 'SEPARADOR USADO', 'PIEZA', '1', '1'),
(812, 'ESISARRAL-0001', 'SISTEMA DE ARRASTRE DE ALAMBRE', 'PIEZA', '1', '1'),
(813, 'ESUJETAD-0001', 'SUJETADORES ', 'PIEZA', '10', '10'),
(814, 'ESUJTUB-0001', 'SUJETADORES PARA TUBOS', 'PIEZA', '2', '2'),
(815, 'ETAPDVEH-0001', 'TAPA DE DISTRIBUCION DE VEHICULO NUEVA', 'PIEZA', '1', '1'),
(816, 'ETERMHORN-0001', 'TERMOSTATO PARA HORNO (COMEDOR)', 'PIEZA', '1', '1'),
(817, 'ETORNHIL-0001', 'TORNILLO HELICOIDAL (MECANICA', 'PIEZA', '1', '1'),
(818, 'ETRANSTRIF-0001', 'TRANSFORMADOR TRIFASICO', 'PIEZA', '1', '1'),
(819, 'ETUERAC-0001', 'TUERCA DE RACOR', 'PIEZA', '7', '7'),
(820, 'ETURBINAS-0001', 'TURBINAS ', 'PIEZA', '1', '1'),
(821, 'EVALVAIR-0001', 'VALVULA DE PRESION DE AIRE', 'PIEZA', '1', '1'),
(822, 'EVALVULAD-0001', 'VALVULA DUNGS NUEVA', 'PIEZA', '3', '3'),
(823, 'EVALVULAD-0001', 'VALVULA DUNGS USADA', 'PIEZA', '1', '1'),
(824, 'EVALVLGW-0001', 'VALVULA LGW USADA', 'PIEZA', '4', '4'),
(825, 'EVALVREG-0001', 'VALVULA REGULADORA DE PRESION DE AIRE', 'PIEZA', '1', '1'),
(826, 'EASFLIQ-0001', 'ASFALTO PLASTICO', 'GALON', '1', '1'),
(827, 'EBANPIN-0001', 'BANDEJA PARA PINTURA NUEVA', 'PIEZA', '1', '1'),
(828, 'EBANPIN-0001', 'BANDEJA PARA PINTURA USADA', 'PIEZA', '6', '6'),
(829, 'EBROCHAP-0001', 'BROCHA DE PINTURA NUEVA 3 PULGADA FIXTEC', 'PIEZA', '5', '0'),
(830, 'ECATALIZA-0014', 'CATALIZADOR EPOXI', 'GALON', '0,125', '0,125'),
(831, 'ECEMPLA-0001', 'CEMENTO PLASTICO', 'GALON', '2', '4'),
(832, 'ECEPALAM-0001', 'CEPILLO DE ALAMBRE', 'PIEZA', '1', '1'),
(833, 'ECEPFLI-0001', 'CEPILLO DE FRISAR', 'PIEZA', '2', '2'),
(834, 'ECEPPUL-0001', 'CEPILLO DE PULIR', 'PIEZA', '1', '1'),
(835, '', 'CROMATO DE ZINC ', 'GALON', '2', '2'),
(836, 'EESMALQ-0014', 'ESMALTE ALQUIDICO MATE BLANCO', '1/4 DE GALON', '8,5', '8,5'),
(837, '', 'ESMALTE MARTILLADO VERDE', 'GALON', '0,5', '0,5'),
(838, 'EPINNEG-0001', 'ESMALTE NEGRO', 'GALON', '0,25', '0,25'),
(839, 'EESMSINT-0001', 'ESMALTE SINTETICO', 'GALON', '0', '0'),
(840, 'EESTUCO-0010', 'ESTUCO 10 KG', 'SACO', '2', '4'),
(841, '', 'FILTROS PARA PINTURA', 'PIEZA', '1', '1'),
(842, '', 'FONDO 2 EN 1 BLANCO', 'GALON ', '1', '1'),
(843, '', 'FONDO  NEGRO', 'GALON', '-1', '0'),
(844, 'EFONDANT-0001', 'FONDO ANTIALCALINO BLANCO', 'GALON', '2', '2'),
(845, 'EFONDOAC-0001', 'FONDO ANTICORROSIVO NEGRO ING JOAQUIN RICO', 'GALON', '1', '1'),
(846, 'EFUNDASR-0001', 'FUNDAS PARA RODILLO NUEVA', 'PIEZA', '2', '0'),
(847, 'EFUNDASR-0001', 'FUNDAS PARA RODILLO USADAS', 'PIEZA', '4', '4'),
(848, 'EFUNDASR-0002', 'FUNDAS PEQUENAS PARA RODILLO NUEVA J FREITEZ', 'PIEZA', '1', '1'),
(849, 'EFONDO-0001', 'GALON DE FONDO 2 EN 1 NEGRO', 'GALON', '1', '1'),
(850, 'ELANACE-0001', 'LANILLA DE ACERO', 'PIEZA', '1', '1'),
(851, '', 'LIJA DE TELA 80 POR METROS', 'PIEZA', '0', ''),
(852, 'ELIJA-0120', 'LIJA 120 DALMINE', 'PLIEGO', '35', '29'),
(853, '', 'LIJA 180', 'PLIEGO', '25', '15'),
(854, 'ELIJA-0320', 'LIJA 320 DALMINE', 'PLIEGO', '192', '5'),
(855, 'ELIJA-0080', 'LIJA 80 DALMINE', 'PLIEGO', '38', '12'),
(856, 'EMANROD-0001', 'MANGO DE RODILLO PEQUENO NUEVO JOSE FREITEZ', 'PIEZA', '1', '1'),
(857, 'EMANROD-0001', 'MANGO DE RODILLO USADO', 'PIEZA', '0', '0'),
(858, 'EMASILLA-0001', 'MASILLA POLIESTER ROSADA', 'GALON', '0', '1'),
(859, 'EPASTAP-0001', 'PASTA PROFESIONAL', 'CUNETE', '0,75', '0,75'),
(860, 'EPINAMA-0001', 'PINTURA AMARILLA CATERPILLAR', 'GALON', '0,5', '0,5'),
(861, 'EPINAMAVI-0001', 'PINTURA AMARILLA PARA MARCACION VIAL', 'GALON', '1', '1'),
(862, '', 'PINTURA AMARILLO CROMO', 'GALON', '0', '0'),
(863, 'EPINANA-0001', 'PINTURA ANARANJADA', 'GALON', '0,75', '1'),
(864, 'EPINAZUL-0001', 'PINTURA AZUL preparada', 'GALON', '1', '1'),
(865, '', 'PINTURA AZUL EN PIPA', 'GALON', '26,03', '27,03'),
(866, 'EPINAZUL-0014', 'PINTURA AZUL PROFUNDO', '1/4 DE GALON', '1', '1'),
(867, 'EPINBLACA-0001', 'PINTURA BLANCA CAUCHO', 'GALON', '0', '0,5'),
(868, '', 'PINTURA BLANCA EN SPRAY', 'LATA', '1', '1'),
(869, 'EPINBLA-0001', 'PINTURA BLANCO EN ESMALTE', 'GALON', '0,25', '0,25'),
(870, '', 'PINTURA AMARILLA PREPARADA', '', '2', ''),
(871, 'EPINBLASA-0001', 'PINTURA BLANCO SATINADA', 'GALON', '1', '1'),
(872, '', 'PINTURA BLANCO PREPARADA', 'GALON', '-1,75', ''),
(873, 'EPINGRISE-0001', 'PINTURA EPOXI GRIS', 'GALON', '0,25', '0,25'),
(874, 'EPINGRIS-0001', 'PINTURA ESMALTE GRIS', 'GALON', '8', '8'),
(875, 'EPINTURAGRIS-0001', 'PINTURA GRIS CONCRETO', 'GALON', '0,25', '0,25'),
(876, '', 'PINTURA GRIS PARIS', 'GALON', '-2', ''),
(877, '', 'PINTURA GRIS ESMALTE', 'GALON', '8', '8'),
(878, '', 'PINTURA NEGRA EN PIPA', 'LITROS', '23,53', '27,03'),
(879, 'EPINNEMT-0014', 'PINTURA NEGRO MATE ', '1/4 DE GALON', '1', '1'),
(880, '', 'PINTURA NEGRO MATE ESMALTE', 'GALON', '1', '1'),
(881, '', 'PINTURA ROJA', 'GALON', '1', '1'),
(882, 'EPINVERE-0001', 'PINTURA VERDE ESMALTE', 'GALON', '1', '1'),
(883, '', 'PINURA PARA PISCINAS', 'GALON', '4', '4'),
(884, 'ELIJA-0180', 'PLIEGO DE LIJA 180 PAUL AMARO', 'PIEZA', '0', '0'),
(885, 'ELIJA-0080', 'PLIEGO DE LIJA 80 PAUL AMARO', 'PIEZA', '0', '2'),
(886, '', 'SELLADOR DE JUNTAS', 'CAJA', '1', '1'),
(887, 'EHIPERMEAB-0001', 'SIKA TOP ADITIVO HIPERMEABILIZANTE', 'LITRO', '1', '1'),
(888, 'ESILTRANS-0280', 'SILICON TRANSPARENTE 280ML PINTURA', 'PIEZA', '1', '2'),
(889, '', 'SILICON TRANSPARENTE 280ML PINTURA', 'PIEZA', '1', '0'),
(890, 'ETHINNER-0001', 'THINNER DALMINE', 'GALON', '10,45', '16,65'),
(891, 'ETHINNER-0001', 'THINNER PAUL AMARO', 'LITROS', '1,5', '2'),
(892, 'ETIRROB-0001', 'TIRRO COLOR BLANCO ', 'PIEZA', '2', '2'),
(893, 'ETIRROB-0001', 'TIRRO COLOR BLANCO ING JOAQUIN RICO', 'PIEZA', '2', '2'),
(894, 'EYESO-0001', 'YESO POR KILOGRAMOS', 'KILOGRAMOS', '1', '1'),
(895, 'ECHUMAC-0001', 'CADENAS VARIAS SIN IDENTIFICACION', 'CONTENEDOR', '', '1'),
(896, '', 'PARTES DE CADENAS', 'CONTENEDOR', '', '1'),
(897, '', 'CADENA 20A-148L', 'PIEZA', '', '3'),
(898, 'ECHUMAC-0205', 'CHUMACERA P 205', 'PIEZA', '', '0'),
(899, 'ECHUMAC-0207', 'CHUMACERA P 207', 'PIEZA', '', '0'),
(900, 'ECHUMACP-0207', 'CHUMACERA UCP 207', 'PIEZA', '', '4'),
(901, 'ECHUMAC20-0207', 'CHUMACERA UCP 207-20', 'PIEZA', '', '4'),
(902, 'ERODAM16-0010', 'RODAMIENTO 16010', 'PIEZA', '', '3'),
(903, 'ERODAMA16-0204', 'RODAMIENTO  160204 A', 'PIEZA', '', '1'),
(904, 'ERODAME21-0309', 'RODAMIENTO  21309 E', 'PIEZA', '', '2'),
(905, 'ERODAM22-0212', 'RODAMIENTO  22212 .EKDC3 ', 'PIEZA', '', '2'),
(906, 'ERODAMA30-0210', 'RODAMIENTO  30210A', 'PIEZA', '', '1'),
(907, 'ERODAMC30-0211', 'RODAMIENTO  30210C', 'PIEZA', '', '4'),
(908, 'ERODAMA30-0308', 'RODAMIENTO  30308 A', 'PIEZA', '', '2'),
(909, 'ERODAMA2-3206', 'RODAMIENTO  3206 A-2RS', 'PIEZA', '', '1'),
(910, 'ERODAMBB-4202', 'RODAMIENTO  4202-BBTVH', 'PIEZA', '', '3'),
(911, 'ERODAMBB-4306', 'RODAMIENTO  4306 BBTVH', 'PIEZA', '', '0'),
(912, 'ERODAMRS-6002', 'RODAMIENTO  6002 RS', 'PIEZA', '', '24'),
(913, 'ERODAMC3-6006', 'RODAMIENTO  6006  2RS1-C3', 'PIEZA', '', '6'),
(914, 'ERODAM2Z-6006', 'RODAMIENTO  6006 2Z', 'PIEZA', '', '4'),
(915, 'ERODAMC3-6007', 'RODAMIENTO  6007 22-C3', 'PIEZA', '', '4'),
(916, 'ERODAMC3-6009', 'RODAMIENTO  6009 2RS1-C3 -2RSRL38', 'PIEZA', '', '2'),
(917, 'ERODAMR60-1022', 'RODAMIENTO  601027 R', 'PIEZA', '', '1'),
(918, 'ERODARS60-1022', 'RODAMIENTO  601022 RS', 'PIEZA', '', '0'),
(919, 'ERODAM2RS-0603', 'RODAMIENTO 6303 2RS', 'PIEZA', '', '19'),
(920, 'ERODAM-0608', 'RODAMIENTO 608', 'PIEZA', '', '2'),
(921, '', 'RODAMIENTO 61800 2RS', 'PIEZA', '', '1'),
(922, 'ERODAM2RS-6202', ' RODAMIENTO 6202 2RS', 'PIEZA', '', '1'),
(923, 'ERODAM2RS-6205', 'RODAMIENTO 6205 2RSC3', 'PIEZA', '', '1'),
(924, 'ERODAM2Z-6205', 'RODAMIENTO 6205 2Z C3', 'PIEZA', '', '1'),
(925, 'ERODAM2Z-6206', 'RODAMIENTO 6206 2Z', 'PIEZA', '', '6'),
(926, 'ERODAMC3-6206', 'RODAMIENTO 6206 RSC3', 'PIEZA', '', '1'),
(927, 'ERODAMZ-6206', 'RODAMIENTO 6206Z', 'PIEZA', '', '0'),
(928, 'ERODAM2Z-6208', 'RODAMIENTO 6208 2ZC3', 'PIEZA', '', '3'),
(929, 'ERODAMZ-6213', 'RODAMIENTO 6213-Z', 'PIEZA', '', '3'),
(930, 'ERODAM-6217', 'RODAMIENTO 6217270', 'PIEZA', '', '1'),
(931, 'ERODAMC3-6220', 'RODAMIENTO 62201 2RSC3', 'PIEZA', '', '3'),
(932, 'ERODAMRS6-2205', 'RODAMIENTO 62205 -RS', 'PIEZA', '', '1'),
(933, 'ERODAMRS6-2206', 'RODAMIENTO 62206 RS', 'PIEZA', '', '4'),
(934, 'ERODAM2RS-6300', 'RODAMIENTO 6300 2RSI', 'PIEZA', '', '2'),
(935, 'ERODAMC3-6303', 'RODAMIENTO 6303 2ZC3 USADO ', 'PIEZA', '', '1'),
(936, 'ERODAM2RS-6305', 'RODAMIENTO 6305 2RS', 'PIEZA', '', '3'),
(937, 'ERODAMC3-6307', 'RODAMIENTO 6307 Z2-C3', 'PIEZA', '', '0'),
(938, 'ERODAM2RS-6309', 'RODAMIENTO 6309  2RSRC3', 'PIEZA', '', '2'),
(939, 'ERODAM2RS-6310', 'RODAMIENTO 6310 2RS', 'PIEZA', '', '1'),
(940, 'ERODAMBE-7206', 'RODAMIENTO 7206 BECBN', 'PIEZA', '', '1'),
(941, 'ERODAM7-2068', 'RODAMIENTO 72068 JPVA', 'PIEZA', '', '1'),
(942, 'ERODAM-7212', 'RODAMIENTO 7212', 'PIEZA', '', '2'),
(943, 'ERODAM-7308', 'RODAMIENTO 7308', 'PIEZA', '', '2'),
(944, 'ERODAMJ-0575', 'RODAMIENTO J575-A ', 'PIEZA', '', '1'),
(945, 'ERODAMNA-6913', 'RODAMIENTO NA 6913', 'PIEZA', '', '1'),
(946, 'ERODAMNA-0691', 'RODAMIENTO NA691B - 2W -XL', 'PIEZA', '', '2'),
(947, 'ERODAMNJ-2306', 'RODAMIENTO NJ2306 E', 'PIEZA', '', '5'),
(948, 'ERODAMC3-2306', 'RODAMIENTO NJ2306 ETV RSC3', 'PIEZA', '', '4'),
(949, 'ERODAMLRA-6800', 'RODAMIENTOS 6800 2RS', 'PIEZA', '', '0'),
(950, '', 'ANCLAJE  MARIPOSA', 'PIEZA', '', '360'),
(951, '', 'ELECTRODOS 6013', 'KG', '', '5'),
(952, '', 'ELECTRODOS 6014', 'UNIDAD', '', '11'),
(953, '', 'DISCO DE DESBASTE 4 1/2 PULGADA', 'PIEZA', '', '2'),
(954, '', 'DISCO DE CORTE 4 1/2 PULGADAS', 'PIEZA', '', '3'),
(955, '', 'DISCO DE TRONZADORA 14 PULGADAS', 'PIEZA', '', '2'),
(956, '', 'BARRA ROSCADA 3/8 VARIAS MEDIDAS', 'PIEZA', '', '35'),
(957, '', 'ARANDELAS', 'PIEZA', '', '95'),
(958, '', 'BOTON SELCTOR VERDE', 'PIEZA', '', '1'),
(959, '', 'BOTON SELECTOR', 'PIEZA', '', '4'),
(960, '', 'BOTON SELECTOR', 'PIEZA', '', '16'),
(961, '', 'BOTON SELECTOR ROJO', 'PIEZA', '', '4'),
(962, '', 'BREAKER 3 X 16 A', 'PIEZA', '', '1'),
(963, '', 'BREAKER 3 X 32 A', 'PIEZA', '', '1'),
(964, '', 'BREAKER 63 A', 'PIEZA', '', '1'),
(965, '', 'BREAKESR 630 A', 'PIEZA', '', '1'),
(966, '', 'CABLES Y TORNILLOS VARIOS', 'CAJA', '', '1'),
(967, '', 'CARCASA', 'PIEZA', '', '1'),
(968, '', 'CONECTOR 3/4', 'PIEZA', '', '49'),
(969, '', 'CONECTOR 3/4', 'PIEZA', '', '75'),
(970, '', 'CONEXIONES HIDRAULICAS GRANDES', 'PIEZA', '', '3'),
(971, '', 'CONEXIONES HIDRAULICAS PEQUENAS', 'PIEZA', '', '19'),
(972, '', 'CONTACTO PARA BOTONES', 'PIEZA', '', '5'),
(973, '', 'CONTACTO PARA BOTONES', 'PIEZA', '', '10'),
(974, '', 'DISCO DE CORTE 4 1/2 PULGADAS', 'PIEZA', '', '3'),
(975, '', 'DP 355', 'PIEZA', '', '1'),
(976, '', 'FILTRO', 'PIEZA', '', '8'),
(977, '', 'GUARDAMOTOR 6V 2 ME060', 'PIEZA', '', '1'),
(978, '', 'MANGUERA 12 MM', 'PIEZA', '', '2'),
(979, '', 'MARCADOR NEGRO', 'PIEZA', '', '1'),
(980, '', 'MECHA PARA CONCRETO 2,5 mm', 'PIEZA', '', '2'),
(981, '', 'NILON DE COLORES', 'PIEZA', '', '1'),
(982, '', 'NIVEL', 'PIEZA', '', '1'),
(983, '', 'ORINGS Y ARANDELAS', 'CAJA', '', '1'),
(984, '', 'PRENSA ESTOPA 1 1/2 PULGADAS', 'PIEZA', '', '12'),
(985, '', 'PRENSA ESTOPA 1/2 PULGADAS', 'PIEZA', '', '122'),
(986, '', 'RACOR 1/2 PULGADAS', 'PIEZA', '', '80'),
(987, '', 'RACOR 1/2 PULGADAS', 'PIEZA', '', '32'),
(988, '', 'RACOR 1/4 PULGADAS', 'PIEZA', '', '17'),
(989, '', 'RACOR 90 GRADO', 'PIEZA', '', '25'),
(990, '', 'RACOR TEE', 'PIEZA', '', '22'),
(991, '', 'RAMPLUG VERDE', 'PIEZA', '', '300'),
(992, '', 'REGULADOR DE AIRE  GAS', 'PIEZA', '', '2'),
(993, '', 'RELAY 24 V', 'PIEZA', '', '11'),
(994, '', 'RELOJ GL 2', 'PIEZA', '', '3'),
(995, '', 'RELOJ INDICADOR PSI', 'PIEZA', '', '3'),
(996, '', 'RELOJ OMROM MY4510812', 'PIEZA', '', '5'),
(997, '', 'SENSOR E2B', 'PIEZA', '', '6'),
(998, '', 'SENSOR TERMICO', 'PIEZA', '', '3'),
(999, '', 'TEFLON', 'ROLLO', '', '20'),
(1000, '', 'TEIPE BLANCO', 'ROLLO', '', '9'),
(1001, '', 'TEIPE TOLSEN', 'ROLLO', '', '1'),
(1002, '', 'TERMINAL DE OJO', 'PIEZA', '', '4'),
(1003, '', 'TERMINALE PTV ', 'PIEZA', '', '100'),
(1004, '', 'TERMOMETRO HH54', 'PIEZA', '', '1'),
(1005, '', 'TIRRAP 2,5 X 100 mm', 'PIEZA', '', '100'),
(1006, '', 'VALVULA NSNS', 'PIEZA', '', '2'),
(1007, '', 'VALVULA NXID', 'PIEZA', '', '2'),
(1008, '', 'VARILLA DE BRONCE PARA SOLDAR', 'PIEZA', '', '4'),
(1009, 'EBALON-0001', 'BALON DE BASQUET', 'PIEZA', '1', '1'),
(1010, 'EARNSEG-0001', 'ARNES DE SEGURIDAD', 'PIEZA', '2', '2'),
(1011, 'EBATLAM-0001', 'BATERIAS PARA LAMPARA DE SEGURIDAD', 'PIEZA', '8', '8'),
(1012, '', 'BRAGA DE POLIETILENO PARA PINTOR', 'PIEZA', '4', '1'),
(1013, '', 'BRAGA DE TELA AZUL OSCURO PARA PINTOR', 'PIEZA', '1', '1'),
(1014, '', 'BOTAS DE SUPERVISOR USADAS TALLA 40', 'PAR', '1', ''),
(1015, '', 'BOTAS DE SUPERVISOR USADAS TALLA 36', 'PAR', '1', ''),
(1016, '', 'BOTAS DE SUPERVISOR USADAS TALLA 38', 'PAR', '1', ''),
(1017, '', 'BOTAS DE SEGURIDAD DIELECTRICAS TALLA 44', 'PAR', '1', ''),
(1018, '', 'BOTAS DE SEGURIDAD DE SUPERVISOR 40', 'PAR', '1', ''),
(1019, 'ECRIELEC-0001', 'CALCOMANIA RIESGO ELECTRICO', 'PIEZA', '2', '2'),
(1020, 'ECAMISA-0006', 'CAMISA  CABALLERO AZUL OSCURO TALLA M', 'PIEZA', '0', '1'),
(1021, '', 'CAMISA  CABALLERO AZUL OSCURO TALLA L-G', 'PIEZA', '1', '2'),
(1022, 'ECAMISA-0007', 'CAMISA  CABALLERO AZUL OSCURO TALLA M MANGA LARGA', 'PIEZA', '0', '0'),
(1023, 'ECAMISAD-0001', 'CAMISA AZUL TALLA M DAMA', 'PIEZA', '0', '0'),
(1024, 'ECAMISAD-0002', 'CAMISA AZUL TALLA S DAMA', 'PIEZA', '0', '0'),
(1025, 'ECAMISA-0001', 'CAMISA CABALLERO AZUL CLARO SIN TALLA', 'PIEZA', '0', '0'),
(1026, 'ECAMISA-0002', 'CAMISA CABALLERO AZUL CLARO TALLA 44', 'PIEZA', '0', '0'),
(1027, 'ECAMISA-0003', 'CAMISA CABALLERO AZUL CLARO TALLA M', 'PIEZA', '6', '7'),
(1028, 'ECAMISA-0004', 'CAMISA CABALLERO AZUL CLARO TALLA S', 'PIEZA', '0', '0'),
(1029, 'ECAMISA-0005', 'CAMISA CABALLERO AZUL CLARO TALLA XL', 'PIEZA', '0', '0'),
(1030, 'ECAMISA-0008', 'CAMISA CABALLERO BLANCA TALLA L/G', 'PIEZA', '0', '0'),
(1031, '', 'CAMISA  BLANCA TALLAS', 'PIEZA', '1', ''),
(1032, '', 'CAMISA NEGRA TALLAS', 'PIEZA', '1', ''),
(1033, 'ECAMISA-0009', 'CAMISA CABALLERO BLANCA TALLA M', 'PIEZA', '0', '0'),
(1034, '', 'CAMISA BEIGE TALLA XL', 'PIEZA', '1', '1'),
(1035, '', 'CAMISA BLANCA TALLA 2XL', 'PIEZA', '0', '1'),
(1036, 'ECARTEL-0001', 'CARTEL CUIDADO SONIDO INAUDIBLE', 'PIEZA', '1', '1'),
(1037, 'ECARTEL-0002', 'CARTEL EXTINTOR', 'PIEZA', '1', '1'),
(1038, 'ECARTEL-0003', 'CARTEL FAVOR MANTENER EL AREA LIMPIA', 'PIEZA', '1', '1'),
(1039, 'ECARTEL-0004', 'CARTEL PROHIBIDO EL PASO PEATONAL', 'PIEZA', '1', '1'),
(1040, 'ECARTEL-0005', 'CARTEL RIESGO ELECTRICO', 'PIEZA', '1', '1'),
(1041, 'ECARTEL-0006', 'CARTEL VIA DE ESCAPE', 'PIEZA', '4', '4'),
(1042, 'ECARTEL-0007', 'CARTEL ZONA DE DASCARGA', 'PIEZA', '2', '2'),
(1043, 'ECARCVAP6-0001', 'CARTUCHO CONTRA VAPORES 3M 60001 NUEVOS', 'PARES', '22', '0'),
(1044, 'ECASCOV-0001', 'CASCO VERDE', 'PIEZA', '1', '1'),
(1045, 'ECINSEG-0001', 'CINTA DE SEGURIDAD NO PASE', 'PIEZA', '1', '1'),
(1046, 'ECONOSEF-0001', 'CONO DE SEGURIDAD', 'PIEZA', '4', '4'),
(1047, 'ECUBOT-0001', 'CUBREBOTAS', 'PARES', '176', '176'),
(1048, 'EFILTRO3M-2097', 'FILTRO 3M 2097', 'PARES', '0', '6'),
(1049, 'EFILTRO3M-2703', 'FILTRO P100', 'PARES', '2', '2'),
(1050, 'EFILTCV3M-5011', 'FILTRO 5N11 CONTRA VAPORES', 'PIEZA', '30', '2'),
(1051, 'EFRANELA-0001', 'FRANELA DE ALGODoN AZUL OSCURO M ROTA', 'PIEZA', '1', '1'),
(1052, '', 'FRANELA DE ALGODON AZUL OSCURO M ROTA', 'PIEZA', '1', '1'),
(1053, '', 'FRANELA DE ALGODON AZUL OSCURO S', 'PIEZA', '1', '1'),
(1054, 'EGORSOL-0001', 'GORROS AZULES', 'PIEZA', '34', '34'),
(1055, 'EGORSOL-0002', 'GORROS AZULES CON FALDILLA', 'PIEZA', '26', '32'),
(1056, 'EGUACARC-0001', 'GUANTES DE CARNAZA CORTOS', 'PIEZA', '10', '12'),
(1057, 'EGUACARL-0001', 'GUANTES DE CARNAZA LARGOS NUEVOS', 'PARES', '11', '6'),
(1058, '', 'GUANTES DE CARNAZA LARGOS USADOS', 'PARES', '3', '3'),
(1059, 'EGUALATN-0001', 'GUANTES DE LATEX NEGRO', 'PARES', '6', '6'),
(1060, 'EGUALATV-0002', 'GUANTES DE LATEX VERDE', 'PARES', '4', '4'),
(1061, 'EGUATEL-0001', 'GUANTES DE TELA', 'PARES', '4', '18'),
(1062, 'EJUEGOBC-0001', 'JUEGO DE BOLAS CRIOLLAS', 'JUEGO', '1', '1'),
(1063, 'ELENSEGN-0001', 'LENTE DE SEGURIDAD OSCURO USADO', 'PIEZA', '1', '1'),
(1064, 'ELENSEGT-0001', 'LENTE DE SEGURIDAD TRANSPARENTE USADO', 'PIEZA', '1', '1'),
(1065, '', 'LENTE DE SEGURIDAD OSCURO USADO P OXICORTE', 'PIEZA', '2', '2'),
(1066, 'ELENPANT-0001', 'LENTES PARA PANTALLA', 'PIEZA', '1', '1'),
(1067, 'EMALVOL-0001', 'MALLA DE VOLEHIBOL', 'PIEZA', '1', '1'),
(1068, 'EMASCKM-0095', 'MASCARILLA KN 95', 'PIEZA', '0', '0'),
(1069, 'EMONLEN-0001', 'MONOLENTES UVEX NUEVOS', 'PIEZA', '1', '1'),
(1070, 'EMONPIN-0001', 'MONOS PLASTICOS PARA PINTOR', 'PIEZA', '30', '30'),
(1071, '', 'PANTALON PARA CABALLERO TALLA 30', 'PIEZA', '0', '1'),
(1072, '', 'PANTALON USADO', 'PIEZA', '0', '1'),
(1073, '', 'PANTALON USADO TALLA 12', 'PIEZA', '2', '0'),
(1074, 'EPIEMAS-0001', 'PIEZAS DE MASCARILLAS INCOMPLETAS', 'PIEZA', '10', '10'),
(1075, 'EPLANTLN-0001', 'PLANTILLAS PARA LETRAS Y NUMEROS', 'PIEZA', '8', '8'),
(1076, 'EPROTAUD-0001', 'PROTECTOR AUDITIVO', 'PIEZA', '36', '30'),
(1077, 'EPROTFAC-0001', 'PROTECTOR FACIAL NUEVO', 'PIEZA', '0', '0'),
(1078, 'EPROTFAC-0001', 'PROTECTOR FACIAL USADO', 'PIEZA', '3', '3'),
(1079, 'ERETFILT-0001', 'RETEN DE FILTRO MASCARILLA MEDIA CARA', 'PIEZA', '31', '5'),
(1080, '', 'SOMBREROS', '', '6', '4'),
(1081, 'ESUEPINT-0001', 'SUETER PLASTICO PARA PINTOR QUIRURGICO DESECHABLE', 'PIEZA', '24', '24'),
(1082, 'ETAPAUD-0001', 'TAPON AUDITIVO', 'PIEZA', '8', '0'),
(1083, '', 'TAPABOCA', 'PIEZA', '49', ''),
(1084, 'EVIDRECTO-0011', 'VIDRIO RECTANGULAR OSCURO N 11', 'PIEZA', '89', '90'),
(1085, 'EVIDRECTO-0012', 'VIDRIO RECTANGULAR OSCURO N 12', 'PIEZA', '27', '27'),
(1086, 'EVIDRECTT-0001', 'VIDRIO RECTANGULAR TRANSPARENTE', 'PIEZA', '3', '5'),
(1087, 'EVIDREDO-0001', 'VIDRIO REDONDO OSCURO', 'PIEZA', '11', '11'),
(1088, 'EVIDREDT-0001', 'VIDRIO REDONDO TRANSPARENTE', 'PIEZA', '29', '14'),
(1089, '', 'BOTAS DE SEGURIDAD  USADAS N 37', 'PAR', '1', '1'),
(1090, '', 'BOTAS DE SEGURIDAD  USADAS N  38', 'PAR', '1', '1'),
(1091, '', 'MASCARILLA MEDIA CARA 3M', 'PIEZA', '0', '3'),
(1092, '', 'ARNES PARA MASCARILLA MEDIA CARA 3M', 'PIEZA', '6', '6'),
(1093, '', 'MASCARILLA MEDIA CARA USADA', 'PIEZA', '0', '1'),
(1094, 'EALAMBRE-0008', 'ALAMBRE 0.8 MM', 'PIEZA', '3', '3'),
(1095, 'EALAMBRE-0009', 'ALAMBRE 0.9 MM ', 'PIEZA', '10', '10'),
(1096, 'EBOQUI-0003', 'BOQUILLA TOBERA', 'PIEZA', '7', '7'),
(1097, 'EBOQUI35-0113', 'BOQUILLA 113-35', 'PIEZA', '17', '17'),
(1098, 'EBOQUI-0004', 'BOQUILLA 314208', 'PIEZA', '0', '0'),
(1099, '', 'BOQUILLA DE OXICORTE ACETILENO N 1', 'PIEZA', '1', '1'),
(1100, '', 'BOQUILLA DE OXICORTE ACETILENO N 3', 'PIEZA', '3', '3'),
(1101, '', 'BOQUILLA DE OXICORTE ACETILENO S/N', 'PIEZA', '1', '1'),
(1102, '', 'BOQUILLA DE OXICORTE GAS N  2', 'PIEZA', '2', '2'),
(1103, '', 'BOQUILLA DE OXICORTE GAS N  5', 'PIEZA', '1', '1'),
(1104, 'EBOQUI-0001', 'BOQUILLAS DE CONTACTO NUEVAS', 'PIEZA', '10', '10'),
(1105, 'EBOQUI-0002', 'BOQUILLAS DE CONTACTO TIPO BERNARD', 'PIEZA', '6', '8'),
(1106, '', 'BOQUILLAS MAQUINAS MIG NUEVAS', 'PIEZA', '31', '31'),
(1107, 'ECUECIS-0001', 'CUELLO DE CISNE', 'PIEZA', '2', '2'),
(1108, 'EDIFUSOR-0001', 'DIFUSOR NUEVO', 'PIEZA', '7', '7'),
(1109, 'EDIFUSOR-0001', 'DIFUSOR USADO ', 'PIEZA', '0', '0'),
(1110, 'EELECTR-6010', 'ELECTRODO 6010', 'PIEZA', '78', '78'),
(1111, 'EELECTR1.8-6013', 'ELECTRODO 6013 1/8', 'KG', '90', '90'),
(1112, '', 'ELECTRODO 6013 1/8 LINCOLN', 'KG', '0', ''),
(1113, '', 'ELECTRODO 6013 3/32 ', 'KG', '4', '5'),
(1114, '', 'ELECTRODO 6013 3/32 LINCOLN', 'KG', '0', ''),
(1115, 'EELECTR16-0312', 'ELECTRODO E 312-16', 'PIEZA', '3', '3'),
(1116, 'EELECTR-0003', 'ELECTRODO GRIDUR 3', 'PIEZA', '4', '6'),
(1117, 'EELECTR-2941', 'ELECTRODO GRIPCON 2941410', 'PIEZA', '1', '1'),
(1118, 'EELECTR-2960', 'ELECTRODO GRIPCON 296010', 'PIEZA', '1', '1'),
(1119, 'EELECTR-6013', 'ELECTRODO GRIPCON 6013', 'PIEZA', '1', '1'),
(1120, 'EELECTRH-0001', 'ELECTRODO PARA HIERRO COLADO', 'PIEZA', '1', '1'),
(1121, 'EELECTR-0007', 'ELECTRODO PROT 7', 'PIEZA', '10', '10'),
(1122, 'EELECTR-6013', 'ELECTRODO TAKIMA 6013', 'PIEZA', '3', '3'),
(1123, 'EMANMET-0001', 'MANOMETRO USADO PARA ARGON BUENO', 'PIEZA', '4', '4'),
(1124, '', 'MANOMETRO USADO PARA ARGON DANADO', 'PIEZA', '7', '7'),
(1125, 'EPETSOL-0001', 'PETO DE SOLDADURA USADO', 'PIEZA', '5', '1'),
(1126, '', 'PIEDRA DE YESQUERO', '', '230', '232'),
(1127, 'EPIEZNS-0001', 'PIEZA DE MAQUINA DE SOLDAR ', 'PIEZA', '10', '10'),
(1128, 'EPINZTIER-000', 'PINZA DE TIERRA NUEVA PARA MAQUINA', 'PIEZA', '1', '1'),
(1129, 'EPINZELEC-0001', 'PINZA PORTA ELECTRODOS NUEVA PARA MAQUINA DE SOLDAR', 'PIEZA', '0', '0'),
(1130, 'EALASOL-0001', 'ROLLOS DE ALAMBRE PARA SOLDADURA OXIDADOS', 'PIEZA', '2', '2'),
(1131, '', 'TIZA ESCOLAR', 'PIEZA', '63,5', '70'),
(1132, 'ETIZAIND-0001', 'TIZA INDUSTRIAL', 'PIEZA', '43', '51'),
(1133, 'EVARBRO-0001', 'VARILLA DE BRONCE PARA SOLDADURA', 'PIEZA', '1', '1'),
(1134, 'EVARPLA-0001', 'VARILLA DE PLATA PARA SOLDADURA', 'PIEZA', '1', '1'),
(1135, '', 'YESQUERO DE OXICORTE', 'PIEZA', '3', '3'),
(1136, 'EANCGAL03-1234', 'ANCLAJE GALVANIZADO 1/2X3 3/4', 'PIEZA', '8', '20'),
(1137, '', 'ANCLAJE GALVANIZADO 1/2X3 3/4 SIN TUERCA NI ARANDEla 2', 'PIEZA', '2', '2'),
(1138, 'EANCGAL04-1214', 'ANCLAJE GALVANIZADO 1/2x4 1/4', 'PIEZA', '880', '934'),
(1139, '', 'ANCLAJE GALVANIZADO 1/2X4 1/4 SIN TUERCA NI ARANDELA', 'PIEZA', '28', '28'),
(1140, 'EANCGAL03-0038', 'ANCLAJE GALVANIZADO 3/8X3', 'PIEZA', '85', '85'),
(1141, 'EANCGAL03-3834', 'ANCLAJE GALVANIZADO 3/8x3 3/4', 'PIEZA', '517', '517'),
(1142, '', 'ABRAZADERA ORTOGONAL 4 TORNILLOS', '', '', ''),
(1143, 'EARAGAL-0038', 'ARANDELA GALVANIZADA  3/8', 'PIEZA', '577', '689'),
(1144, 'EARAGAL-0012', 'ARANDELA GALVANIZADA 1/2', 'PIEZA', '921', '922'),
(1145, 'EARAGAL-0014', 'ARANDELA GALVANIZADA 1/4', 'PIEZA', '3989', '4853'),
(1146, 'EARAGAL-0010', 'ARANDELA GALVANIZADA 10MM', 'PIEZA', '1186', '1186'),
(1147, 'EARAGAL-0316', 'ARANDELA GALVANIZADA 3/16', 'PIEZA', '2631', '2631'),
(1148, 'EARAGAL-0034', 'ARANDELA GALVANIZADA 3/4', 'PIEZA', '7800', '7800'),
(1149, 'EARAGAL-0516', 'ARANDELA GALVANIZADA 5/16', 'PIEZA', '402', '1590'),
(1150, 'EARAGALP-0516', 'ARANDELA GALVANIZADA 5/16 PARTIDAS', 'PIEZA', '3816', '3816'),
(1151, 'EARAGAL-0058', 'ARANDELA GALVANIZADA 5/8', 'PIEZA', '143', '143'),
(1152, 'EARAGAL-0008', 'ARANDELA GALVANIZADA 8MM', 'PIEZA', '1100', '1100'),
(1153, 'EARAGAL-0916', 'ARANDELA GALVANIZADA 9/16', 'PIEZA', '480', '480'),
(1154, 'EARAGAL-0012', 'ARANDELA GALVANIZADA DORADA 1/2 ', 'PIEZA', '10800', '10800'),
(1155, 'EARAGAL-0012', 'ARANDELA GALVANIZADA DORADA AB-ORT 1/2 ', 'PIEZA', '2500', '2500'),
(1156, 'EARANAT-0014', 'ARANDELA NATURAL 1/4', 'PIEZA', '4637', '4637'),
(1157, 'EARANAT-1538', 'ARANDELA NATURAL 15X38', 'PIEZA', '5257', '5257'),
(1158, 'EARANAT03-1832', 'ARANDELA NATURAL 18X32X3M', 'PIEZA', '214', '214'),
(1159, 'EARANAT05-3440', 'ARANDELA NATURAL 3/4X40X5', 'PIEZA', '578', '578'),
(1160, 'EARANAT-0038', 'ARANDELA NATURAL 3/8', 'PIEZA', '74', '138'),
(1161, '', 'ARANDELA NATURAL 5/16', 'PIEZA', '4230', '4230'),
(1162, 'ECLAGAL-0001', 'CLAVOS GALVANIZADOS CON CABEZA', 'PIEZA', '86', '86'),
(1163, 'ECLANAT-0001', 'CLAVOS NATURALES CON CABEZA', 'PIEZA', '162', '162'),
(1164, 'ECLIPSEG-0002', 'CLIP DE SEGURIDAD', 'PIEZA', '3020', '3020'),
(1165, 'ECUPILLAS03-0316', 'CUPILLAS 3/16X3', 'PIEZA', '199', '199'),
(1166, 'EGRAFLE-0014', 'GRAPA PARA FLEJE METALICO', 'PIEZA', '2650', '2700'),
(1167, '', 'GRAPA PARA FLEJE PLASTICO', 'PIEZA', '0', ''),
(1168, 'EPASADOR-1255', 'PASADOR 1/2X55', 'PIEZA', '99', '99'),
(1169, 'EPINAND-0001', 'PIN PARA ANDAMIO', 'PIEZA', '1351', '1351'),
(1170, 'EREMRED-0001', 'REMACHE', 'PIEZA', '870', '870'),
(1171, 'EREMAME-0001', 'REMACHE AMERICANO', 'PIEZA', '0', '0'),
(1172, 'EREMACHI-0001', 'REMACHE CHINO', 'PIEZA', '3500', '4500'),
(1173, 'ETORN-0122', 'TORNILLO 1/2X2', 'PIEZA', '16', '16'),
(1174, '', 'TORNILLO 3/8 X 2', 'PIEZA', '8', '8'),
(1175, 'ETORAUT3-1612', 'TORNILLO AUTOROSCANTE 3/16X 1 1/2', 'PIEZA', '40', '40'),
(1176, 'ETORAUT-3162', 'TORNILLO AUTOROSCANTE 3/16X2', 'PIEZA', '5000', '5000'),
(1177, 'ETORAUTR01-1412', 'TORNILLO AUTOROSCATNTE 14X1 1/2', 'PIEZA', '199', '199'),
(1178, '', 'TORNILLO AUTOTALADRO 14X1 ', '', '50', '50'),
(1179, 'ETORAUTT01-1412', 'TORNILLO AUTOTALADRO 14X1 1/2', 'PIEZA', '176', '176'),
(1180, 'ETORAUTT-1434', 'TORNILLO AUTOTALADRO 14X3/4', 'PIEZA', '289', '289'),
(1181, '', 'TORNILLO AUTOTALADRO 14X3/4 PARA TECHO CON ARANDELA Y GOMA', 'PIEZA', '0', ''),
(1182, 'ETORBASG-0516', 'TORNILLO BASE DE GONDOLA 5/16', 'PIEZA', '1295', '1295'),
(1183, 'ETORPLA-0034', 'TORNILLO CABEZA PLANA 3/4', 'PIEZA', '9', '9'),
(1184, 'ETORGAL01-1212', 'TORNILLO GALVANIZADO  1/2X1 1/2', 'PIEZA', '3300', '3300'),
(1185, 'ETORGAL01-0916', 'TORNILLO GALVANIZADO  9/16X1', 'PIEZA', '149', '149'),
(1186, 'ETORGAL03-0916', 'TORNILLO GALVANIZADO  9/16X3', 'PIEZA', '144', '144'),
(1187, '', 'TORNILLO GALVANIZADO  M8 X 70', 'PIEZA', '1214', '1214'),
(1188, 'ETORGAL01-0012', 'TORNILLO GALVANIZADO 1/2X1', 'PIEZA', '10', '10'),
(1189, 'ETORGAL01-1214', 'TORNILLO GALVANIZADO 1/2X1 1/4', 'PIEZA', '45', '45'),
(1190, 'ETORGAL05-0012', 'TORNILLO GALVANIZADO 1/2X5', 'PIEZA', '1291', '1291'),
(1191, '', 'TORNILLO GALVANIZADO 1/4 X 3/4 ROSCA FINA', 'PIEZA', '345', '345'),
(1192, '', 'TORNILLO GALVANIZADO 1/4 X7/8', 'PIEZA', '2005', '2005'),
(1193, 'ETORGAL01-0014', 'TORNILLO GALVANIZADO 1/4X1', 'PIEZA', '1797', '1797'),
(1194, 'ETORGAL02-1412', 'TORNILLO GALVANIZADO 1/4X2 1/2', 'PIEZA', '3672', '3672'),
(1195, 'ETORGAL03-1434', 'TORNILLO GALVANIZADO 1/4X3 3/4', 'PIEZA', '8', '808'),
(1196, 'ETORGAL04-1434', 'TORNILLO GALVANIZADO 1/4X3/4', 'PIEZA', '48', '48'),
(1197, 'ETORGAL04-0014', 'TORNILLO GALVANIZADO 1/4X4', 'PIEZA', '2761', '2761'),
(1198, 'ETORGAL04-1412', 'TORNILLO GALVANIZADO 1/4X4 1/2', 'PIEZA', '7517', '7517'),
(1199, 'ETORGAL-1840', 'TORNILLO GALVANIZADO 1/8X40', 'PIEZA', '70', '70'),
(1200, 'ETORGAL01-3814', 'TORNILLO GALVANIZADO 3/8X 1 1/4', 'PIEZA', '808', '808'),
(1201, 'ETORGAL01-0038', 'TORNILLO GALVANIZADO 3/8X1', 'PIEZA', '5', '175'),
(1202, 'ETORGAL-3812', 'TORNILLO GALVANIZADO 3/8X1/2', 'PIEZA', '2743', '2743'),
(1203, 'ETORGAL16-0038', 'TORNILLO GALVANIZADO 3/8X16', 'PIEZA', '68', '68'),
(1204, 'ETORGAL02-3812', 'TORNILLO GALVANIZADO 3/8X2 1/2', 'PIEZA', '6223', '6223'),
(1205, 'ETORGAL03-0038', 'TORNILLO GALVANIZADO 3/8X3', 'PIEZA', '1600', '1600'),
(1206, 'ETORGAL-3834', 'TORNILLO GALVANIZADO 3/8X3/4', 'PIEZA', '1565', '1565'),
(1207, 'ETORGAL04-0038', 'TORNILLO GALVANIZADO 3/8X4', 'PIEZA', '66', '66'),
(1208, 'ETORGAL01-0516', 'TORNILLO GALVANIZADO 5/16X1', 'PIEZA', '0', '0'),
(1209, 'ETORGAL02-5161', 'TORNILLO GALVANIZADO 5/16X2 1/2', 'PIEZA', '896', '1488'),
(1210, 'ETORGAL03-0516', 'TORNILLO GALVANIZADO 5/16X3', 'PIEZA', '4281', '4281'),
(1211, 'ETORGAL03-5161', 'TORNILLO GALVANIZADO 5/16X3 1/2', 'PIEZA', '645', '645'),
(1212, 'ETORGAL04-5161', 'TORNILLO GALVANIZADO 5/16X4 1/2', 'PIEZA', '282', '282'),
(1213, '', 'TORNILLO GALVANIZADO 5/8', 'PIEZA', '144', '144'),
(1214, 'ETORGAL-5834', 'TORNILLO GALVANIZADO 5/8X3/4', 'PIEZA', '99', '99'),
(1215, 'ETORGAL01-9161', 'TORNILLO GALVANIZADO 9/16X1 1/2', 'PIEZA', '1600', '1600'),
(1216, 'ETORGALCR-1412', 'TORNILLO GALVANIZADO CABEZA REDONDA 1/4X1/2', 'PIEZA', '552', '552'),
(1217, 'ETORHEX-1412', 'TORNILLO GALVANIZADO HEXAGONAL 1/4X1/2', 'PIEZA', '521', '521'),
(1218, 'ETORHEX3-1612', 'TORNILLO GALVANIZADO HEXAGONAL 3/16X1/2', 'PIEZA', '44', '44'),
(1219, 'ETORGALM-8110', 'TORNILLO GALVANIZADO M8X110', 'PIEZA', '3727', '3727'),
(1220, 'ETORGALM-0825', 'TORNILLO GALVANIZADO M8X25', 'PIEZA', '0', '0'),
(1221, 'ETORGALM-0840', 'TORNILLO GALVANIZADO M8X40', 'PIEZA', '56', '61'),
(1222, 'ETORGALM-0840', 'TORNILLO GALVANIZADO M8X40 USADOS', 'PIEZA', '71', '71'),
(1223, 'ETORGALM-0865', 'TORNILLO GALVANIZADO M8X65', 'PIEZA', '166', '166'),
(1224, '', 'TORNILLO GALVANIZADO M8X65 ARMADO GALV', 'PIEZA', '67', '67'),
(1225, 'ETORGALM-0865', 'TORNILLO GALVANIZADO M8X65 USADOS', 'PIEZA', '0', '0'),
(1226, 'ETORGALM-0890', 'TORNILLO GALVANIZADO M8X90', 'PIEZA', '1209', '1209'),
(1227, 'ETORGALM-0890', 'TORNILLO GALVANIZADO M8X90 USADOS', 'PIEZA', '5', '5'),
(1228, 'ETORGALRC-0865', 'TORNILLO GALVANIZADO ROSCA COMPLETA M8X65', 'PIEZA', '0', '0'),
(1229, '', 'TORNILLO GALVANIZADO8 X 1/2', 'PIEZA', '26', '26'),
(1230, 'ETORNAT-0001', 'TORNILLO NATURAL ', 'PIEZA', '792', '792'),
(1231, 'ETORNAT01-1214', 'TORNILLO NATURAL 1/2X 1 1/4', 'PIEZA', '45', '45'),
(1232, 'ETORNAT01-1212', 'TORNILLO NATURAL 1/2X1 1/2', 'PIEZA', '126', '126'),
(1233, 'ETORNAT04-0014', 'TORNILLO NATURAL 1/4X4', 'PIEZA', '1991', '1991'),
(1234, 'ETORNAT01-3412', 'TORNILLO NATURAL 3/4X1 1/2', 'PIEZA', '65', '65'),
(1235, '', 'TORNILLO NATURAL 3/4X2 1/2', 'PIEZA', '93', '93'),
(1236, 'ETORNAT02-3412', 'TORNILLO NATURAL 3/4X2 1/2', 'PIEZA', '93', '93'),
(1237, 'ETORNAT01-3812', 'TORNILLO NATURAL 3/8X1 1/2', 'PIEZA', '175', '175'),
(1238, 'ETORNAT01-3812', 'TORNILLO NATURAL 3/8X3 1/2', 'PIEZA', '1666', '1666'),
(1239, '', 'TORNILLO NATURAL 3/8X4', 'PIEZA', '55', '55'),
(1240, 'ETORNAT04-0038', 'TORNILLO NATURAL 3/8X4', 'PIEZA', '600', '600'),
(1241, '', 'TORNILLO NATURAL 3/8X4 ARMADO', 'PIEZA', '55', '55'),
(1242, 'ETORNAT03-0516', 'TORNILLO NATURAL 5/16X3', 'PIEZA', '40', '40'),
(1243, 'ETORNAT01-5812', 'TORNILLO NATURAL 5/8X1 1/2', 'PIEZA', '98', '98'),
(1244, 'ETORNAT02-5812', 'TORNILLO NATURAL 5/8X2 1/2', 'PIEZA', '30', '30'),
(1245, '', 'TORNILLO NATURAL 5/8X2 1/4', '', '20', '20'),
(1246, 'ETORNAT02-9161', 'TORNILLO NATURAL 9/16X1', 'PIEZA', '26', '26'),
(1247, 'ETORNAT01-9161', 'TORNILLO NATURAL 9/16X1 1/2', 'PIEZA', '50', '50'),
(1248, 'ETORNAT02-0916', 'TORNILLO NATURAL 9/16X2', 'PIEZA', '47', '47'),
(1249, 'ETORNAT02-9161', 'TORNILLO NATURAL 9/16X2 1/2', 'PIEZA', '50', '50'),
(1250, 'ETORNAT03-0916', 'TORNILLO NATURAL 9/16X3', 'PIEZA', '7', '7'),
(1251, 'ETORNAT04-0916', 'TORNILLO NATURAL 9/16X4', 'PIEZA', '2424', '2424'),
(1252, 'ETORNAT60-0916', 'TORNILLO NATURAL 9/16X60', 'PIEZA', '20', '20'),
(1253, 'ETORAO02-1212', 'TORNILLO PARA ABRZADERA  AB  ORT 1/2X2 1/2', 'PIEZA', '7077', '7077'),
(1254, 'ETORPAV14-0001', 'TORNILLO PAVONADO 1/4X1', 'PIEZA', '0', '0'),
(1255, 'ETORPAV14-0078', 'TORNILLO PAVONADO 1/4X7/8', 'PIEZA', '0', '0'),
(1256, 'ETORPAV-3801', 'TORNILLO PAVONADO 3/8X1', 'PIEZA', '0', '0'),
(1257, '', 'TORNILLO PAVONADO 5/16 X 3', 'PIEZA', '2049', '2049'),
(1258, 'ETORPAV-0870', 'TORNILLO PAVONADO 8X70', 'PIEZA', '0', '0'),
(1259, 'ETORALE-1480', 'TORNILLO TIPO ALEN 1/2X80', 'PIEZA', '17', '17'),
(1260, 'ETORALE14-0150', 'TORNILLO TIPO ALEN 14X150', 'PIEZA', '14', '14'),
(1261, 'ETUERCA-0014', 'TUERCA 1/4', 'PIEZA', '14', '14'),
(1262, 'ETUESEG-0014', 'TUERCA DE SEGURIDAD  GALVANIZADO 1/4', 'PIEZA', '197', '965'),
(1263, 'ETUEGAL-0004', 'TUERCA DE SEGURIDAD GALVANIZADO 4MM', 'PIEZA', '1150', '1150'),
(1264, 'ETUEGAL-0516', 'TUERCA DE SEGURIDAD GALVANIZADO 5/16', 'PIEZA', '603', '603'),
(1265, 'ETUEGAL-0008', 'TUERCA DE SEGURIDAD GALVANIZADO 8MM', 'PIEZA', '1725', '1730'),
(1266, 'ETUEGAL-0012', 'TUERCA GALVANIZADA 1/2', 'PIEZA', '1229', '1229'),
(1267, 'ETUEGAL-0014', 'TUERCA GALVANIZADA 1/4 ', 'PIEZA', '3963', '3963'),
(1268, '', 'TUERCA GALVANIZADA 1/4 ROSCA FINA', 'PIEZA', '331', '331'),
(1269, 'ETUEGAL-0034', 'TUERCA GALVANIZADA 3/4', 'PIEZA', '2474', '2474'),
(1270, 'ETUEGAL-0038', 'TUERCA GALVANIZADA 3/8', 'PIEZA', '629', '706'),
(1271, 'ETUEGAL-0516', 'TUERCA GALVANIZADA 5/16', 'PIEZA', '5857', '6449'),
(1272, '', 'TUERCA GALVANIZADA 5/16 CON BORDE', 'PIEZA', '20', '20'),
(1273, 'ETUEGAL-0058', 'TUERCA GALVANIZADA 5/8', 'PIEZA', '143', '143'),
(1274, 'ETUEGAL-0916', 'TUERCA GALVANIZADA 9/16', 'PIEZA', '867', '867'),
(1275, 'ETUEGALAO-0012', 'TUERCA GALVANIZADA DORADA AB -ORT 1/2', 'PIEZA', '6662', '6662'),
(1276, 'ETUEMAR-0012', 'TUERCA MARIPOSA 1/2', 'PIEZA', '8400', '8400'),
(1277, 'ETUENAT-0012', 'TUERCA NATURAL 1/2', 'PIEZA', '55', '55'),
(1278, 'ETUENAT-1116', 'TUERCA NATURAL 11/16', 'PIEZA', '78', '78'),
(1279, 'ETUENAT-0034', 'TUERCA NATURAL 3/4', 'PIEZA', '799', '799'),
(1280, 'ETUENAT-0038', 'TUERCA NATURAL 3/8', 'PIEZA', '3690', '3690'),
(1281, 'ETUENAT-0058', 'TUERCA NATURAL 5/8', 'PIEZA', '756', '756'),
(1282, 'ETUENAT-0716', 'TUERCA NATURAL 7/16', 'PIEZA', '12', '12'),
(1283, 'ETUENAT-0916', 'TUERCA NATURAL 9/16', 'PIEZA', '2440', '2440'),
(1284, 'ETUEPAV-0014', 'TUERCA PAVONADO 1/4', 'PIEZA', '0', '0'),
(1285, 'ETUEPAV-0038', 'TUERCA PAVONADO 3/8', 'PIEZA', '0', '0'),
(1286, 'ETUEPAV-0516', 'TUERCA PAVONADO 5/16', 'PIEZA', '0', '0'),
(1287, '', 'CILINDRO DE OXIGENO', 'No Aplica', '0', ''),
(1288, '', 'CILINDRO DE GAS', 'No Aplica', '0', ''),
(1289, '', 'CARRETILLA PARA BOMBONAS', 'No Aplica', '0', ''),
(1290, '', 'MAQUINA DE SOLDAR LINCOLN ', 'No Aplica', '1', ''),
(1291, '', 'CARETA DE SOLDAR ', 'No Aplica', '1', ''),
(1292, '', 'EXTENSION ELECTRICA', 'No Aplica', '1', ''),
(1293, '', 'CARRETILLA PARA MAQUINA DE SOLDAR', 'No Aplica', '1', ''),
(1294, '', 'CONEXION PARA CILINDRO DE GAS PROPANO', 'No Aplica', '0', ''),
(1295, '', 'EQUIPO DE OXICORTE CON MANGUERAS  REGULADOR DE GAS Y MANOMETRO DE OCIGENO', 'No Aplica', '0', ''),
(1296, '', 'EXTENSION Y DADO 21', 'No Aplica', '1', '1'),
(1297, '', 'TALADRO PERCUTOR CON 7 MECHAS', 'No Aplica', '0', '');

-- --------------------------------------------------------

--
-- Estructura de tabla para la tabla `usuario`
--

CREATE TABLE `usuario` (
  `IdUsuario` int(11) NOT NULL,
  `NombreUsuario` varchar(45) NOT NULL,
  `ApellidoUsuario` varchar(45) NOT NULL,
  `EmailUsuario` varchar(150) NOT NULL,
  `UsuarioClave` varchar(535) NOT NULL,
  `UsuarioEstado` varchar(17) NOT NULL,
  `UsuarioPrivilegio` int(11) NOT NULL
) ENGINE=InnoDB DEFAULT CHARSET=utf8mb4;

--
-- Volcado de datos para la tabla `usuario`
--

INSERT INTO `usuario` (`IdUsuario`, `NombreUsuario`, `ApellidoUsuario`, `EmailUsuario`, `UsuarioClave`, `UsuarioEstado`, `UsuarioPrivilegio`) VALUES
(1, 'CARL', 'DURAN', 'INFORMATICA.DALMINE@GMAIL.COM', 'ZUtPbzYyd095QllDZGxTcjlQUThxQT09', 'Activa', 5),
(7, 'EDUARDO', 'PEREZ', 'PRODUCCION.DALMINE@GMAIL.COM', 'ZUtPbzYyd095QllDZGxTcjlQUThxQT09', 'Activa', 6),
(8, 'JESICA', 'RIVAS', 'ALMACEN.DALMINE@GMAIL.COM', 'ZUtPbzYyd095QllDZGxTcjlQUThxQT09', 'Activa', 7);

--
-- Índices para tablas volcadas
--

--
-- Indices de la tabla `almacen`
--
ALTER TABLE `almacen`
  ADD PRIMARY KEY (`IdAlmacen`);

--
-- Indices de la tabla `productoalmacen`
--
ALTER TABLE `productoalmacen`
  ADD PRIMARY KEY (`IdProductoAlmacen`),
  ADD KEY `IdProducto` (`IdProducto`),
  ADD KEY `IdAlmacen` (`IdAlmacen`);

--
-- Indices de la tabla `productos`
--
ALTER TABLE `productos`
  ADD PRIMARY KEY (`IdProducto`);

--
-- Indices de la tabla `usuario`
--
ALTER TABLE `usuario`
  ADD PRIMARY KEY (`IdUsuario`);

--
-- AUTO_INCREMENT de las tablas volcadas
--

--
-- AUTO_INCREMENT de la tabla `almacen`
--
ALTER TABLE `almacen`
  MODIFY `IdAlmacen` int(11) NOT NULL AUTO_INCREMENT, AUTO_INCREMENT=2;

--
-- AUTO_INCREMENT de la tabla `productoalmacen`
--
ALTER TABLE `productoalmacen`
  MODIFY `IdProductoAlmacen` int(11) NOT NULL AUTO_INCREMENT, AUTO_INCREMENT=1298;

--
-- AUTO_INCREMENT de la tabla `productos`
--
ALTER TABLE `productos`
  MODIFY `IdProducto` int(11) NOT NULL AUTO_INCREMENT, AUTO_INCREMENT=1298;

--
-- AUTO_INCREMENT de la tabla `usuario`
--
ALTER TABLE `usuario`
  MODIFY `IdUsuario` int(11) NOT NULL AUTO_INCREMENT, AUTO_INCREMENT=9;
COMMIT;

/*!40101 SET CHARACTER_SET_CLIENT=@OLD_CHARACTER_SET_CLIENT */;
/*!40101 SET CHARACTER_SET_RESULTS=@OLD_CHARACTER_SET_RESULTS */;
/*!40101 SET COLLATION_CONNECTION=@OLD_COLLATION_CONNECTION */;